CodeYear,Entity,Code,Year,HealthExpenditurePerCapita,PrevalenceEatingDisorderPerc,PrevalanceMentalDisorderPerc,GDP per capita,Population
AFG-2015,Afghanistan,AFG,2015,211.59,0.12,17.13,,33753500
AFG-2016,Afghanistan,AFG,2016,234.14,0.12,17.11,,34636212
AFG-2017,Afghanistan,AFG,2017,259.79,0.12,17.1,,35643420
AFG-2018,Afghanistan,AFG,2018,294.31,0.12,17.1,,36686788
AFG-2019,Afghanistan,AFG,2019,285.56,0.12,17.12,,37769496
ALB-2015,Albania,ALB,2015,568.92,0.14,11.58,11083.82337,2882482
ALB-2016,Albania,ALB,2016,591.67,0.14,11.56,11185.13315,2881064
ALB-2017,Albania,ALB,2017,639.82,0.14,11.55,11733.76326,2879361
ALB-2018,Albania,ALB,2018,726.98,0.14,11.55,12227.38339,2877019
DZA-2015,Algeria,DZA,2015,838.51,0.22,14.74,11826.53571,39543148
DZA-2016,Algeria,DZA,2016,768.08,0.22,14.72,11128.59917,40339328
DZA-2017,Algeria,DZA,2017,737.04,0.22,14.71,10928.87671,41136548
DZA-2018,Algeria,DZA,2018,734.99,0.22,14.73,11394.36455,41927008
DZA-2019,Algeria,DZA,2019,750.45,0.22,14.78,11356.97307,42705372
AND-2015,Andorra,AND,2015,3096.17,0.56,15.45,,71766
AND-2016,Andorra,AND,2016,3065.62,0.56,15.45,,72563
AND-2017,Andorra,AND,2017,3319.41,0.57,15.45,,73853
AND-2018,Andorra,AND,2018,3607,0.57,15.46,,75034
AND-2019,Andorra,AND,2019,3716.27,0.57,15.5,,76361
AGO-2015,Angola,AGO,2015,191.2,0.14,13.35,7753.698881,28127724
AGO-2016,Angola,AGO,2016,192.72,0.14,13.35,7338.263937,29154742
AGO-2017,Angola,AGO,2017,204.08,0.14,13.36,7489.971728,30208634
AGO-2018,Angola,AGO,2018,188.51,0.14,13.35,7780.421364,31273538
AGO-2019,Angola,AGO,2019,178.03,0.14,13.34,7168.857842,32353592
ATG-2015,Antigua and Barbuda,ATG,2015,998.49,0.28,14.06,19531.68836,89958
ATG-2016,Antigua and Barbuda,ATG,2016,1020.28,0.28,14.06,20042.9711,90575
ATG-2017,Antigua and Barbuda,ATG,2017,967.3,0.28,14.06,19045.34425,91133
ATG-2018,Antigua and Barbuda,ATG,2018,1049.16,0.28,14.1,19940.25642,91644
ATG-2019,Antigua and Barbuda,ATG,2019,1016.47,0.28,14.18,20451.03079,92127
ARG-2015,Argentina,ARG,2015,2059.33,0.35,13.58,21238.33668,43257064
ARG-2016,Argentina,ARG,2016,1831.54,0.36,13.59,20946.91469,43668236
ARG-2017,Argentina,ARG,2017,2470.11,0.36,13.6,23354.45878,44054616
ARG-2018,Argentina,ARG,2018,2260.4,0.36,13.6,23125.21063,44413592
ARG-2019,Argentina,ARG,2019,2198.88,0.36,13.6,22144.51364,44745516
ARM-2015,Armenia,ARM,2015,1008.7,0.13,11.37,10704.47194,2878598
ARM-2016,Armenia,ARM,2016,1065.28,0.13,11.37,10879.35692,2865841
ARM-2017,Armenia,ARM,2017,1255.46,0.13,11.37,12339.48325,2851929
ARM-2018,Armenia,ARM,2018,1303.19,0.13,11.37,12724.89875,2836563
ARM-2019,Armenia,ARM,2019,1616.18,0.13,11.38,13878.41859,2820604
AUS-2015,Australia,AUS,2015,4392.07,1.11,19.01,48099.39011,23820240
AUS-2016,Australia,AUS,2016,4632.32,1.11,18.98,50418.68877,24195706
AUS-2017,Australia,AUS,2017,4715.83,1.11,18.96,50451.63907,24590336
AUS-2018,Australia,AUS,2018,4876.28,1.12,19.07,51563.77168,24979228
AUS-2019,Australia,AUS,2019,5294.46,1.14,19.35,50820.66371,25357168
AUT-2015,Austria,AUT,2015,5204.62,0.62,15.74,51712.44394,8642422
AUT-2016,Austria,AUT,2016,5476.68,0.61,15.77,53340.20317,8736491
AUT-2017,Austria,AUT,2017,5641.18,0.61,15.79,54527.47216,8797497
AUT-2018,Austria,AUT,2018,5898.35,0.61,15.8,55395.48142,8840518
AUT-2019,Austria,AUT,2019,6134.13,0.62,15.82,55613.24148,8879939
AZE-2015,Azerbaijan,AZE,2015,615.16,0.15,10.41,14567.21971,9863485
AZE-2016,Azerbaijan,AZE,2016,581.39,0.15,10.4,14001.91215,9976254
AZE-2017,Azerbaijan,AZE,2017,528.12,0.15,10.39,14917.56045,10071569
AZE-2018,Azerbaijan,AZE,2018,517.13,0.15,10.4,16544.61566,10152524
AZE-2019,Azerbaijan,AZE,2019,605.93,0.15,10.42,16135.62279,10232761
BHS-2015,Bahamas,BHS,2015,1747.15,0.31,14.07,34669.77727,392707
BHS-2016,Bahamas,BHS,2016,1919.69,0.31,14.07,34744.87825,395986
BHS-2017,Bahamas,BHS,2017,2398.94,0.31,14.07,35656.18462,399027
BHS-2018,Bahamas,BHS,2018,2248.73,0.31,14.1,36128.58097,401911
BHS-2019,Bahamas,BHS,2019,2227.64,0.31,14.16,37005.09487,404563
BHR-2015,Bahrain,BHR,2015,2272.86,0.29,14.58,47910.05797,1362157
BHR-2016,Bahrain,BHR,2016,2176,0.3,14.55,45642.30518,1409668
BHR-2017,Bahrain,BHR,2017,2262.75,0.3,14.53,47904.35171,1456844
BHR-2018,Bahrain,BHR,2018,1962.29,0.3,14.54,47023.80848,1487346
BHR-2019,Bahrain,BHR,2019,1880.58,0.3,14.57,45148.97071,1494195
BGD-2015,Bangladesh,BGD,2015,93.85,0.11,11.9,3607.041118,157830000
BGD-2016,Bangladesh,BGD,2016,95.18,0.11,11.86,3836.474063,159784576
BGD-2017,Bangladesh,BGD,2017,101.18,0.12,11.83,4097.460705,161793968
BGD-2018,Bangladesh,BGD,2018,114.09,0.12,11.81,4373.231018,163683952
BGD-2019,Bangladesh,BGD,2019,123.29,0.12,11.8,4638.904454,165516224
BRB-2015,Barbados,BRB,2015,1050.83,0.25,14.31,17019.98587,278095
BRB-2016,Barbados,BRB,2016,1065.85,0.25,14.32,17252.82912,278660
BRB-2017,Barbados,BRB,2017,1045.57,0.25,14.32,16684.24374,279199
BRB-2018,Barbados,BRB,2018,1053.73,0.25,14.34,17221.13446,279702
BRB-2019,Barbados,BRB,2019,1028.83,0.25,14.38,16891.8638,280193
BLR-2015,Belarus,BLR,2015,1100.08,0.14,12.66,19615.95997,9700609
BLR-2016,Belarus,BLR,2016,1053.89,0.14,12.65,18253.84433,9708111
BLR-2017,Belarus,BLR,2017,1058.24,0.14,12.64,19804.30756,9707874
BLR-2018,Belarus,BLR,2018,1072.71,0.14,12.61,20936.57635,9695573
BLR-2019,Belarus,BLR,2019,1198.62,0.14,12.57,21313.61148,9673971
BEL-2015,Belgium,BEL,2015,4834.89,0.47,15.02,47059.68272,11248306
BEL-2016,Belgium,BEL,2016,5244.89,0.47,15.01,48422.83335,11316837
BEL-2017,Belgium,BEL,2017,5450.48,0.48,15,49764.41906,11384491
BEL-2018,Belgium,BEL,2018,5683.12,0.48,14.99,50125.5021,11448598
BEL-2019,Belgium,BEL,2019,5846.9,0.48,14.96,51081.75493,11510569
BLZ-2015,Belize,BLZ,2015,430.14,0.2,14.28,7438.639143,359884
BLZ-2016,Belize,BLZ,2016,441.11,0.2,14.29,7282.839432,367327
BLZ-2017,Belize,BLZ,2017,410.97,0.2,14.29,7085.785172,374702
BLZ-2018,Belize,BLZ,2018,426.89,0.21,14.31,6915.311835,382076
BLZ-2019,Belize,BLZ,2019,445.72,0.2,14.33,6867.756531,389103
BEN-2015,Benin,BEN,2015,83.93,0.1,11.83,2879.615176,10932791
BEN-2016,Benin,BEN,2016,82.32,0.1,11.83,2941.082729,11260091
BEN-2017,Benin,BEN,2017,79.74,0.1,11.84,2891.313425,11596786
BEN-2018,Benin,BEN,2018,81.08,0.1,11.84,2971.977213,11940688
BEN-2019,Benin,BEN,2019,81.99,0.1,11.85,3113.318539,12290443
BTN-2015,Bhutan,BTN,2015,340.19,0.14,12.09,9246.140751,743284
BTN-2016,Bhutan,BTN,2016,352.93,0.14,12.07,9959.486524,749764
BTN-2017,Bhutan,BTN,2017,355.49,0.14,12.04,10558.30604,756130
BTN-2018,Bhutan,BTN,2018,368.22,0.15,12.04,10774.35995,762104
BTN-2019,Bhutan,BTN,2019,432.13,0.15,12.07,11176.51858,767467
BOL-2015,Bolivia,BOL,2015,467.31,0.24,15.11,7338.055286,11090090
BOL-2016,Bolivia,BOL,2016,512.48,0.24,15.11,7544.105082,11263016
BOL-2017,Bolivia,BOL,2017,546.71,0.24,15.1,8269.777628,11435535
BOL-2018,Bolivia,BOL,2018,588.91,0.24,15.08,8587.496775,11606906
BOL-2019,Bolivia,BOL,2019,630.76,0.25,15.06,8628.591425,11777318
BIH-2015,Bosnia and Herzegovina,BIH,2015,1123.09,0.14,11.53,11838.71358,3524328
BIH-2016,Bosnia and Herzegovina,BIH,2016,1209.12,0.14,11.51,12499.04232,3480985
BIH-2017,Bosnia and Herzegovina,BIH,2017,1233.23,0.14,11.5,12947.88846,3440025
BIH-2018,Bosnia and Herzegovina,BIH,2018,1368.18,0.14,11.5,13665.81865,3400132
BIH-2019,Bosnia and Herzegovina,BIH,2019,1476.8,0.15,11.51,14224.12716,3360718
BWA-2015,Botswana,BWA,2015,890.28,0.18,11.85,15754.61793,2305177
BWA-2016,Botswana,BWA,2016,959.77,0.18,11.87,17134.52729,2352419
BWA-2017,Botswana,BWA,2017,1058.43,0.18,11.88,16759.39408,2401848
BWA-2018,Botswana,BWA,2018,1078.19,0.19,11.88,16921.60192,2451411
BWA-2019,Botswana,BWA,2019,1122.14,0.19,11.87,17066.4534,2499705
BRA-2015,Brazil,BRA,2015,1313.6,0.24,16.72,15077.62179,205188208
BRA-2016,Brazil,BRA,2016,1307.15,0.24,16.71,14258.35259,206859584
BRA-2017,Brazil,BRA,2017,1375.66,0.24,16.7,14293.00923,208504960
BRA-2018,Brazil,BRA,2018,1438.77,0.24,16.71,14597.56234,210166592
BRA-2019,Brazil,BRA,2019,1497.81,0.24,16.72,14637.67081,211782880
BRN-2015,Brunei,BRN,2015,1492.93,0.47,10.32,67147.94012,421449
BRN-2016,Brunei,BRN,2016,1434.58,0.46,10.32,59294.99073,426001
BRN-2017,Brunei,BRN,2017,1384.77,0.46,10.32,63592.06648,430290
BRN-2018,Brunei,BRN,2018,1492.61,0.46,10.33,67761.0844,434283
BRN-2019,Brunei,BRN,2019,1400.91,0.46,10.36,67555.3926,438058
BGR-2015,Bulgaria,BGR,2015,1354.83,0.16,11.15,18405.63171,7309255
BGR-2016,Bulgaria,BGR,2016,1491.41,0.16,11.14,19651.97915,7245982
BGR-2017,Bulgaria,BGR,2017,1607.71,0.16,11.14,20624.48284,7182430
BGR-2018,Bulgaria,BGR,2018,1729.4,0.17,11.14,21571.14599,7117424
BGR-2019,Bulgaria,BGR,2019,1797.51,0.17,11.14,22773.89409,7052536
BFA-2015,Burkina Faso,BFA,2015,87.94,0.09,11.87,1705.419371,18718022
BFA-2016,Burkina Faso,BFA,2016,112.86,0.09,11.87,1847.504398,19275504
BFA-2017,Burkina Faso,BFA,2017,123.81,0.09,11.86,1931.858757,19835860
BFA-2018,Burkina Faso,BFA,2018,107.57,0.09,11.79,2053.204597,20392730
BFA-2019,Burkina Faso,BFA,2019,122.41,0.09,11.66,2145.960525,20951638
BDI-2015,Burundi,BDI,2015,54.11,0.07,13.05,784.1285921,10727153
BDI-2016,Burundi,BDI,2016,61.52,0.07,13.06,800.2262162,10903329
BDI-2017,Burundi,BDI,2017,61.14,0.07,13.07,785.0740558,11155592
BDI-2018,Burundi,BDI,2018,64.32,0.07,13.08,762.8979506,11493476
BDI-2019,Burundi,BDI,2019,61.8,0.07,13.09,751.4789613,11874838
KHM-2015,Cambodia,KHM,2015,209.91,0.08,12.49,3357.450756,15417527
KHM-2016,Cambodia,KHM,2016,224.78,0.08,12.45,3588.047655,15624586
KHM-2017,Cambodia,KHM,2017,224.81,0.08,12.42,3794.463931,15830694
KHM-2018,Cambodia,KHM,2018,261.77,0.09,12.39,4019.592316,16025242
KHM-2019,Cambodia,KHM,2019,316.05,0.09,12.36,4212.283703,16207746
CMR-2015,Cameroon,CMR,2015,122.23,0.11,11.89,3306.137553,23012650
CMR-2016,Cameroon,CMR,2016,126.99,0.11,11.89,3405.054533,23711626
CMR-2017,Cameroon,CMR,2017,124.13,0.11,11.89,3480.82413,24393182
CMR-2018,Cameroon,CMR,2018,127.91,0.11,11.89,3551.607121,25076752
CMR-2019,Cameroon,CMR,2019,136.24,0.11,11.89,3580.181943,25782342
CAN-2015,Canada,CAN,2015,4751.44,0.47,14.96,46068.41192,35732120
CAN-2016,Canada,CAN,2016,5084.13,0.47,14.95,46272.05264,36113532
CAN-2017,Canada,CAN,2017,5208.72,0.47,14.96,48221.39195,36554344
CAN-2018,Canada,CAN,2018,5427.75,0.47,14.95,48971.33377,37035260
CAN-2019,Canada,CAN,2019,5520.65,0.47,14.95,49359.24742,37522584
CPV-2015,Cape Verde,CPV,2015,288.93,0.14,12.16,6272.688841,552169
CPV-2016,Cape Verde,CPV,2016,306.45,0.14,12.16,6471.048053,558399
CPV-2017,Cape Verde,CPV,2017,350.64,0.14,12.16,6602.758489,564959
CPV-2018,Cape Verde,CPV,2018,370.3,0.14,12.15,6813.72151,571209
CPV-2019,Cape Verde,CPV,2019,369.68,0.14,12.13,7189.128211,577037
CAF-2015,Central African Republic,CAF,2015,39.62,0.07,14.54,826.8715437,4819341
CAF-2016,Central African Republic,CAF,2016,46.33,0.07,14.58,873.5455667,4904182
CAF-2017,Central African Republic,CAF,2017,60.84,0.07,14.61,913.529382,4996741
CAF-2018,Central African Republic,CAF,2018,107.82,0.07,14.64,926.2979828,5094795
CAF-2019,Central African Republic,CAF,2019,78.44,0.07,14.65,955.1916385,5209329
TCD-2015,Chad,TCD,2015,82.34,0.1,12.62,1953.281959,14140277
TCD-2016,Chad,TCD,2016,84.96,0.1,12.62,1683.359439,14592587
TCD-2017,Chad,TCD,2017,72.92,0.1,12.62,1590.738201,15085893
TCD-2018,Chad,TCD,2018,66.04,0.1,12.63,1635.320836,15604213
TCD-2019,Chad,TCD,2019,69.4,0.1,12.65,1608.378059,16126868
CHL-2015,Chile,CHL,2015,1884.59,0.38,15.36,23392.81324,17870122
CHL-2016,Chile,CHL,2016,1996.57,0.39,15.35,22928.5417,18083880
CHL-2017,Chile,CHL,2017,2219.14,0.39,15.33,23216.10527,18368582
CHL-2018,Chile,CHL,2018,2265.86,0.39,15.29,23677.17639,18701452
CHL-2019,Chile,CHL,2019,2424.15,0.39,15.2,23595.70116,19039484
CHN-2015,China,CHN,2015,627.63,0.11,11.28,12699.51242,1393715456
CHN-2016,China,CHN,2016,658.58,0.11,11.33,13161.6354,1401889664
CHN-2017,China,CHN,2017,706.37,0.12,11.39,13723.32228,1410275968
CHN-2018,China,CHN,2018,784.19,0.12,11.37,13664.93066,1417069440
CHN-2019,China,CHN,2019,880.19,0.12,11.31,13988.2091,1421864064
COL-2015,Colombia,COL,2015,988.09,0.22,11.34,13459.52278,47119728
COL-2016,Colombia,COL,2016,1040.21,0.23,11.67,13295.9898,47625960
COL-2017,Colombia,COL,2017,1088.17,0.23,12,13290.65917,48351668
COL-2018,Colombia,COL,2018,1133.59,0.23,12.03,13602.17846,49276968
COL-2019,Colombia,COL,2019,1204.3,0.23,12.05,13819.85146,50187404
COM-2015,Comoros,COM,2015,124.67,0.09,,2857.433339,730221
COM-2016,Comoros,COM,2016,133.25,0.09,,2993.70632,746239
COM-2017,Comoros,COM,2017,159.74,0.09,,3075.450695,761672
COM-2018,Comoros,COM,2018,154.01,0.09,12.21,3096.009661,776322
COM-2019,Comoros,COM,2019,168.64,0.09,12.23,3125.790536,790993
COG-2015,Congo,COG,2015,113.98,0.13,13.02,4399.634474,5064390
COG-2016,Congo,COG,2016,106.56,0.13,13.02,3719.985797,5186830
COG-2017,Congo,COG,2017,106.82,0.13,13.02,4263.324417,5312347
COG-2018,Congo,COG,2018,76.8,0.13,13.03,4868.148492,5441061
COG-2019,Congo,COG,2019,81.69,0.13,13.04,4489.284806,5570736
COK-2015,Cook Islands,COK,2015,491.85,0.16,11.64,,17720
COK-2016,Cook Islands,COK,2016,662.99,0.16,11.63,,17572
COK-2017,Cook Islands,COK,2017,667.06,0.16,11.62,,17417
COK-2018,Cook Islands,COK,2018,751.69,0.16,11.63,,17276
COK-2019,Cook Islands,COK,2019,853.39,0.17,11.65,,17133
CRI-2015,Costa Rica,CRI,2015,1297.53,0.24,12.98,17149.18884,4895241
CRI-2016,Costa Rica,CRI,2016,1401.87,0.24,13,18119.72921,4945205
CRI-2017,Costa Rica,CRI,2017,1439.77,0.25,13,18823.06318,4993849
CRI-2018,Costa Rica,CRI,2018,1530.22,0.25,13.01,18909.90163,5040738
CRI-2019,Costa Rica,CRI,2019,1636.18,0.25,13.01,19249.16992,5084527
CIV-2015,Cote d'Ivoire,CIV,2015,149.82,0.11,11.19,4639.547301,23596738
CIV-2016,Cote d'Ivoire,CIV,2016,158.44,0.11,11.19,4636.604377,24213620
CIV-2017,Cote d'Ivoire,CIV,2017,159.66,0.11,11.18,4659.948815,24848024
CIV-2018,Cote d'Ivoire,CIV,2018,160.81,0.11,11.18,4881.039052,25493990
CIV-2019,Cote d'Ivoire,CIV,2019,179.55,0.12,11.19,5108.141062,26147544
HRV-2015,Croatia,HRV,2015,1553.34,0.18,11.64,23431.29669,4254821
HRV-2016,Croatia,HRV,2016,1692.24,0.18,11.66,24309.88366,4223748
HRV-2017,Croatia,HRV,2017,1804.07,0.18,11.69,25502.3697,4192468
HRV-2018,Croatia,HRV,2018,1989.77,0.18,11.69,26468.58057,4160488
HRV-2019,Croatia,HRV,2019,2167.81,0.18,11.69,27512.02038,4129749
CUB-2015,Cuba,CUB,2015,3180.36,0.2,15.11,,11339888
CUB-2016,Cuba,CUB,2016,2493.63,0.2,15.1,,11342012
CUB-2017,Cuba,CUB,2017,2517.68,0.2,15.09,,11336405
CUB-2018,Cuba,CUB,2018,2519.29,0.2,15.11,,11328243
CUB-2019,Cuba,CUB,2019,2599.49,0.2,15.15,,11316699
CYP-2015,Cyprus,CYP,2015,2150.31,0.43,15.66,32284.91663,1187286
CYP-2016,Cyprus,CYP,2016,2374.92,0.44,15.64,35624.31884,1197889
CYP-2017,Cyprus,CYP,2017,2532.87,0.44,15.62,37664.20469,1208527
CYP-2018,Cyprus,CYP,2018,2845.91,0.44,15.64,38637.04349,1218834
CYP-2019,Cyprus,CYP,2019,3017.27,0.44,15.7,38763.19452,1228840
CZE-2015,Czechia,CZE,2015,2441.34,0.2,11.18,35545.20043,10523801
CZE-2016,Czechia,CZE,2016,2568.34,0.2,11.17,36832.96022,10527584
CZE-2017,Czechia,CZE,2017,2785.65,0.2,11.15,38758.55133,10531315
CZE-2018,Czechia,CZE,2018,3198.92,0.21,11.14,39823.45366,10534598
CZE-2019,Czechia,CZE,2019,3477.03,0.21,11.14,40731.74112,10536876
COD-2015,Democratic Republic of Congo,COD,2015,35.94,0.07,13.71,949.4852551,78656904
COD-2016,Democratic Republic of Congo,COD,2016,42.07,0.07,13.67,1063.961945,81430976
COD-2017,Democratic Republic of Congo,COD,2017,44.05,0.07,13.64,1022.007034,84283272
COD-2018,Democratic Republic of Congo,COD,2018,36.98,0.07,13.63,1024.746156,87087352
COD-2019,Democratic Republic of Congo,COD,2019,40.61,0.08,13.64,1026.167646,89906896
DNK-2015,Denmark,DNK,2015,5037.01,0.51,14.22,48888.63461,5677795
DNK-2016,Denmark,DNK,2016,5291.92,0.52,14.21,50685.11944,5706856
DNK-2017,Denmark,DNK,2017,5573.28,0.52,14.19,53751.64485,5737286
DNK-2018,Denmark,DNK,2018,5799.37,0.52,14.16,54500.14264,5766689
DNK-2019,Denmark,DNK,2019,6015.46,0.52,14.1,55898.20363,5795879
DJI-2015,Djibouti,DJI,2015,141.57,0.11,12.02,4837.839529,1006266
DJI-2016,Djibouti,DJI,2016,128.72,0.11,12.03,4781.323205,1023269
DJI-2017,Djibouti,DJI,2017,121.08,0.11,12.04,4831.363707,1040242
DJI-2018,Djibouti,DJI,2018,121.58,0.11,12.04,6735.867959,1057204
DJI-2019,Djibouti,DJI,2019,104.14,0.11,12.04,7123.102907,1073999
DMA-2015,Dominica,DMA,2015,574.76,0.22,14.19,11662.49764,70027
DMA-2016,Dominica,DMA,2016,612.26,0.22,14.19,12251.1948,70098
DMA-2017,Dominica,DMA,2017,619.45,0.22,14.19,11168.31723,70422
DMA-2018,Dominica,DMA,2018,735.91,0.22,14.22,11244.40309,70840
DMA-2019,Dominica,DMA,2019,675.37,0.22,14.28,11699.02118,71446
DOM-2015,Dominican Republic,DOM,2015,852.7,0.23,15,14968.81924,10405832
DOM-2016,Dominican Republic,DOM,2016,938.82,0.23,15,15994.61754,10527589
DOM-2017,Dominican Republic,DOM,2017,975.77,0.23,14.99,16256.04727,10647247
DOM-2018,Dominican Republic,DOM,2018,1040.13,0.24,15.01,16903.07481,10765532
DOM-2019,Dominican Republic,DOM,2019,1140.04,0.24,15.04,17766.40306,10881886
ECU-2015,Ecuador,ECU,2015,828.58,0.29,14.62,11267.82686,16195904
ECU-2016,Ecuador,ECU,2016,803.29,0.3,14.62,11023.20126,16439588
ECU-2017,Ecuador,ECU,2017,863.05,0.3,14.62,11419.33848,16696947
ECU-2018,Ecuador,ECU,2018,931.47,0.3,14.61,11420.04063,17015672
ECU-2019,Ecuador,ECU,2019,934.52,0.3,14.59,11238.18377,17343742
EGY-2015,Egypt,EGY,2015,614.37,0.2,14.58,11574.62159,97723792
EGY-2016,Egypt,EGY,2016,600.36,0.2,14.56,10957.00314,99784032
EGY-2017,Egypt,EGY,2017,620.45,0.21,14.55,10425.74385,101789384
EGY-2018,Egypt,EGY,2018,576.06,0.21,14.55,10733.91719,103740768
EGY-2019,Egypt,EGY,2019,582.23,0.21,14.58,10975.89676,105618672
SLV-2015,El Salvador,SLV,2015,579.72,0.2,13.25,7663.255149,6231072
SLV-2016,El Salvador,SLV,2016,619.39,0.2,13.26,7892.594146,6250513
SLV-2017,El Salvador,SLV,2017,609.77,0.21,13.26,8043.317643,6266661
SLV-2018,El Salvador,SLV,2018,625.99,0.21,13.26,8111.3293,6276340
SLV-2019,El Salvador,SLV,2019,656.71,0.21,13.24,8331.298521,6280222
GNQ-2015,Equatorial Guinea,GNQ,2015,700.92,0.23,13.19,26523.69416,1346974
GNQ-2016,Equatorial Guinea,GNQ,2016,643.33,0.23,13.19,23062.41732,1398940
GNQ-2017,Equatorial Guinea,GNQ,2017,667.46,0.23,13.18,25727.98889,1450703
GNQ-2018,Equatorial Guinea,GNQ,2018,638.54,0.22,13.19,26629.60582,1502102
GNQ-2019,Equatorial Guinea,GNQ,2019,607.43,0.22,13.21,22214.04612,1553037
ERI-2015,Eritrea,ERI,2015,70.77,0.09,12.89,,3340005
ERI-2016,Eritrea,ERI,2016,59.86,0.09,12.9,,3365288
ERI-2017,Eritrea,ERI,2017,57.31,0.09,12.92,,3396933
ERI-2018,Eritrea,ERI,2018,72.62,0.09,12.92,,3445380
ERI-2019,Eritrea,ERI,2019,81.85,0.09,12.92,,3498819
EST-2015,Estonia,EST,2015,1865.89,0.18,12.22,31048.76349,1314658
EST-2016,Estonia,EST,2016,2030.03,0.18,12.2,32298.87282,1315928
EST-2017,Estonia,EST,2017,2241.85,0.19,12.18,34228.35908,1317550
EST-2018,Estonia,EST,2018,2434.2,0.19,12.18,35561.40252,1322146
EST-2019,Estonia,EST,2019,2616.81,0.19,12.19,37120.73737,1327039
SWZ-2015,Eswatini,SWZ,2015,622.06,0.15,11.92,9224.333734,1133941
SWZ-2016,Eswatini,SWZ,2016,593.77,0.16,11.94,9010.930383,1142529
SWZ-2017,Eswatini,SWZ,2017,586.97,0.16,11.96,8750.60184,1151397
SWZ-2018,Eswatini,SWZ,2018,633.43,0.16,11.95,9094.188595,1160430
SWZ-2019,Eswatini,SWZ,2019,610.49,0.16,11.93,8434.862219,1169620
ETH-2015,Ethiopia,ETH,2015,63.36,0.08,12.53,1593.021289,102471896
ETH-2016,Ethiopia,ETH,2016,67.64,0.08,12.52,1813.765705,105293232
ETH-2017,Ethiopia,ETH,2017,69.81,0.08,12.51,1896.284983,108197944
ETH-2018,Ethiopia,ETH,2018,71.28,0.09,12.49,2097.194818,111129440
ETH-2019,Ethiopia,ETH,2019,75.11,0.09,12.48,2552.113646,114120592
FJI-2015,Fiji,FJI,2015,412.67,0.11,11.54,12474.78105,917209
FJI-2016,Fiji,FJI,2016,414.29,0.11,11.53,12397.98224,918371
FJI-2017,Fiji,FJI,2017,427.98,0.11,11.52,12852.43011,919022
FJI-2018,Fiji,FJI,2018,485.16,0.11,11.53,13443.17481,919002
FJI-2019,Fiji,FJI,2019,545.31,0.11,11.54,13748.43825,918472
FIN-2015,Finland,FIN,2015,4097.82,0.52,14.98,43314.65745,5479457
FIN-2016,Finland,FIN,2016,4212.09,0.52,14.93,44627.9179,5495217
FIN-2017,Finland,FIN,2017,4339.1,0.52,14.88,46025.95139,5508146
FIN-2018,Finland,FIN,2018,4490.18,0.53,14.9,46773.21043,5515465
FIN-2019,Finland,FIN,2019,4710.22,0.53,14.96,47181.84804,5521539
FRA-2015,France,FRA,2015,4682.67,0.51,16.64,41630.88078,63809768
FRA-2016,France,FRA,2016,4930.49,0.51,16.64,42189.29687,63989320
FRA-2017,France,FRA,2017,5059.99,0.51,16.64,43597.46175,64144092
FRA-2018,France,FRA,2018,5220.8,0.51,16.64,44135.91937,64277812
FRA-2019,France,FRA,2019,5492.53,0.52,16.63,44822.99712,64399760
GAB-2015,Gabon,GAB,2015,390.63,0.18,13.09,15300.17343,2028524
GAB-2016,Gabon,GAB,2016,443.97,0.18,13.11,14657.76066,2086210
GAB-2017,Gabon,GAB,2017,417.3,0.18,13.13,15072.23243,2140225
GAB-2018,Gabon,GAB,2018,414.72,0.19,13.13,15355.7074,2192013
GAB-2019,Gabon,GAB,2019,432.19,0.19,13.11,15359.09339,2242788
GMB-2015,Gambia,GMB,2015,65.65,0.09,12.95,2050.234413,2253137
GMB-2016,Gambia,GMB,2016,76.18,0.09,12.97,1983.027324,2317212
GMB-2017,Gambia,GMB,2017,85.91,0.09,12.98,1948.550277,2381189
GMB-2018,Gambia,GMB,2018,108.05,0.1,13,2133.656979,2444916
GMB-2019,Gambia,GMB,2019,88.71,0.1,13.05,2178.527253,2508882
GEO-2015,Georgia,GEO,2015,830.73,0.13,11.02,11187.55037,3771135
GEO-2016,Georgia,GEO,2016,954.52,0.13,11,11718.70331,3771112
GEO-2017,Georgia,GEO,2017,892.01,0.13,10.99,12633.38981,3771904
GEO-2018,Georgia,GEO,2018,967.11,0.13,11.01,13328.40497,3772323
GEO-2019,Georgia,GEO,2019,970.2,0.14,11.06,14858.58035,3770814
DEU-2015,Germany,DEU,2015,5356.61,0.46,15.23,47871.16015,82073232
DEU-2016,Germany,DEU,2016,5694.91,0.46,15.17,49140.5717,82331432
DEU-2017,Germany,DEU,2017,6028.25,0.46,15.1,51265.23183,82624368
DEU-2018,Germany,DEU,2018,6500.02,0.47,15.06,51430.23678,82896696
DEU-2019,Germany,DEU,2019,6738.67,0.47,15,51592.60005,83148144
GHA-2015,Ghana,GHA,2015,236.51,0.11,11.4,5320.709559,28870946
GHA-2016,Ghana,GHA,2016,169.27,0.12,11.41,5054.305565,29554298
GHA-2017,Ghana,GHA,2017,167.79,0.12,11.42,5150.389069,30222266
GHA-2018,Ghana,GHA,2018,185.63,0.12,11.41,5263.228597,30870648
GHA-2019,Ghana,GHA,2019,193.22,0.12,11.4,5546.511377,31522294
GRC-2015,Greece,GRC,2015,2148.73,0.48,16.99,27648.73414,10806644
GRC-2016,Greece,GRC,2016,2284.26,0.48,17.03,27352.26706,10749742
GRC-2017,Greece,GRC,2017,2325.62,0.48,17.09,27981.42287,10692230
GRC-2018,Greece,GRC,2018,2360.42,0.48,17.09,28300.67423,10633275
GRC-2019,Greece,GRC,2019,2418.81,0.47,17.05,28856.02518,10574026
GRD-2015,Grenada,GRD,2015,657.65,0.22,14.34,14146.23721,118994
GRD-2016,Grenada,GRD,2016,666.92,0.23,14.34,14782.98376,119973
GRD-2017,Grenada,GRD,2017,755.16,0.23,14.34,15254.20677,120934
GRD-2018,Grenada,GRD,2018,787.51,0.23,14.35,15716.09875,121853
GRD-2019,Grenada,GRD,2019,879.51,0.23,14.37,16101.23367,122737
GTM-2015,Guatemala,GTM,2015,471.42,0.19,13.23,7738.395692,16001105
GTM-2016,Guatemala,GTM,2016,476.33,0.19,13.25,7680.820193,16291004
GTM-2017,Guatemala,GTM,2017,485.64,0.19,13.27,7625.910935,16578718
GTM-2018,Guatemala,GTM,2018,502.32,0.19,13.26,7672.998456,16850176
GTM-2019,Guatemala,GTM,2019,529.12,0.2,13.23,7919.762243,17106338
GIN-2015,Guinea,GIN,2015,105.69,0.09,11.88,1922.769106,11626003
GIN-2016,Guinea,GIN,2016,112.18,0.09,11.87,1945.547891,11930991
GIN-2017,Guinea,GIN,2017,94.66,0.09,11.86,2390.353698,12240791
GIN-2018,Guinea,GIN,2018,103.91,0.09,11.85,2205.278436,12554871
GIN-2019,Guinea,GIN,2019,119.59,0.09,11.85,2300.715828,12877537
GNB-2015,Guinea-Bissau,GNB,2015,142.8,0.09,11.78,1656.227884,1788931
GNB-2016,Guinea-Bissau,GNB,2016,153.64,0.09,11.77,1772.115789,1834554
GNB-2017,Guinea-Bissau,GNB,2017,146.73,0.09,11.77,1900.77381,1879835
GNB-2018,Guinea-Bissau,GNB,2018,157.08,0.09,11.77,1834.263237,1924954
GNB-2019,Guinea-Bissau,GNB,2019,186.43,0.09,11.77,1698.613252,1970460
GUY-2015,Guyana,GUY,2015,450.47,0.19,15.9,11318.77436,755043
GUY-2016,Guyana,GUY,2016,453.95,0.19,15.89,11364.81813,759097
GUY-2017,Guyana,GUY,2017,518.52,0.19,15.87,12191.88816,763265
GUY-2018,Guyana,GUY,2018,626.93,0.19,15.84,12846.63841,785518
GUY-2019,Guyana,GUY,2019,673.57,0.19,15.81,13335.39418,798761
HTI-2015,Haiti,HTI,2015,147.11,0.12,15.09,1810.554831,10563762
HTI-2016,Haiti,HTI,2016,148.27,0.12,15.1,1719.881951,10713845
HTI-2017,Haiti,HTI,2017,142.71,0.12,15.11,1588.994035,10863546
HTI-2018,Haiti,HTI,2018,140.23,0.12,15.12,1550.020007,11012427
HTI-2019,Haiti,HTI,2019,143.45,0.12,15.13,1530.86462,11160441
HND-2015,Honduras,HND,2015,360.97,0.17,12.7,4886.300424,9294510
HND-2016,Honduras,HND,2016,395.87,0.17,12.71,5149.296713,9460798
HND-2017,Honduras,HND,2017,388.78,0.17,12.72,5316.995069,9626845
HND-2018,Honduras,HND,2018,419.45,0.17,12.72,5277.956028,9792854
HND-2019,Honduras,HND,2019,435.68,0.17,12.71,5296.050292,9958832
HUN-2015,Hungary,HUN,2015,1834.46,0.19,11.34,28587.36909,9844250
HUN-2016,Hungary,HUN,2016,1949.25,0.19,11.34,29139.29468,9815106
HUN-2017,Hungary,HUN,2017,1988.7,0.19,11.34,30436.52811,9788940
HUN-2018,Hungary,HUN,2018,2083.19,0.2,11.33,31784.11672,9776361
HUN-2019,Hungary,HUN,2019,2155.91,0.2,11.31,33265.39979,9771799
ISL-2015,Iceland,ISL,2015,3977.3,0.48,14.58,51069.50247,331068
ISL-2016,Iceland,ISL,2016,4372.53,0.49,14.58,54586.53549,335677
ISL-2017,Iceland,ISL,2017,4762.73,0.49,14.57,57512.9729,343641
ISL-2018,Iceland,ISL,2018,5304.02,0.5,14.58,58350.57879,352951
ISL-2019,Iceland,ISL,2019,5636.41,0.5,14.6,58658.00136,360787
IND-2015,India,IND,2015,196.5,0.12,13.94,5464.432599,1322866560
IND-2016,India,IND,2016,204.65,0.13,13.92,5770.985622,1338636288
IND-2017,India,IND,2017,181.53,0.13,13.89,6028.324081,1354195712
IND-2018,India,IND,2018,195.57,0.13,13.84,6366.854805,1369003264
IND-2019,India,IND,2019,211,0.13,13.73,6546.714556,1383112064
IDN-2015,Indonesia,IDN,2015,299.66,0.11,10.69,10295.90033,259091968
IDN-2016,Indonesia,IDN,2016,317.09,0.11,10.66,10363.52369,261850176
IDN-2017,Indonesia,IDN,2017,317.59,0.11,10.64,10653.43091,264498848
IDN-2018,Indonesia,IDN,2018,334.03,0.11,10.65,11141.51735,267066848
IDN-2019,Indonesia,IDN,2019,358.29,0.12,10.68,11471.34313,269582880
IRN-2015,Iran,IRN,2015,1024.3,0.26,19.35,13560.2827,81790848
IRN-2016,Iran,IRN,2016,1200.92,0.26,19.24,13967.30184,83306232
IRN-2017,Iran,IRN,2017,1225.07,0.26,19.11,14186.40807,84505080
IRN-2018,Iran,IRN,2018,1167.87,0.27,19.03,13520.79258,85617560
IRN-2019,Iran,IRN,2019,868.18,0.27,18.89,13060.4268,86564208
IRQ-2015,Iraq,IRQ,2015,326.63,0.21,15.03,10147.19289,37757812
IRQ-2016,Iraq,IRQ,2016,330.97,0.21,14.98,9679.920303,38697940
IRQ-2017,Iraq,IRQ,2017,452.6,0.22,14.94,11414.83619,39621156
IRQ-2018,Iraq,IRQ,2018,448.39,0.22,14.92,11240.03314,40590700
IRQ-2019,Iraq,IRQ,2019,483.34,0.22,14.91,11483.58222,41563524
IRL-2015,Ireland,IRL,2015,5077.48,0.46,17.7,75574.70029,4665764
IRL-2016,Ireland,IRL,2016,5356.19,0.48,17.8,81179.36875,4715791
IRL-2017,Ireland,IRL,2017,5582.93,0.49,17.88,86224.28065,4771860
IRL-2018,Ireland,IRL,2018,5869.54,0.5,17.8,90300.43694,4834506
IRL-2019,Ireland,IRL,2019,6010.07,0.5,17.61,102353.6314,4896021
ISR-2015,Israel,ISR,2015,2645.22,0.4,14.47,38428.1479,8007777
ISR-2016,Israel,ISR,2016,2857.23,0.41,14.47,40774.04185,8159015
ISR-2017,Israel,ISR,2017,2992.02,0.41,14.47,40976.5523,8309256
ISR-2018,Israel,ISR,2018,3220.53,0.42,14.47,41460.90636,8456487
ISR-2019,Israel,ISR,2019,3326.25,0.42,14.48,42728.17939,8607922
ITA-2015,Italy,ITA,2015,3264.64,0.58,15.12,37913.79743,60232908
ITA-2016,Italy,ITA,2016,3481.57,0.58,15.07,39737.11102,60118628
ITA-2017,Italy,ITA,2017,3616.67,0.59,15.01,40779.13015,60004024
ITA-2018,Italy,ITA,2018,3855.1,0.59,15.02,41220.0753,59877432
ITA-2019,Italy,ITA,2019,3998.01,0.59,15.03,41426.94291,59727936
JAM-2015,Jamaica,JAM,2015,494.53,0.2,13.93,8393.665654,2794455
JAM-2016,Jamaica,JAM,2016,524.15,0.2,13.93,8653.051092,2802699
JAM-2017,Jamaica,JAM,2017,590.26,0.2,13.92,8783.230905,2808388
JAM-2018,Jamaica,JAM,2018,595.95,0.2,13.95,8957.279252,2811842
JAM-2019,Jamaica,JAM,2019,597.85,0.2,14.02,8945.276846,2813776
JPN-2015,Japan,JPN,2015,4367.5,0.42,10.64,39804.90453,127250936
JPN-2016,Japan,JPN,2016,4303.92,0.42,10.63,38999.32034,126993856
JPN-2017,Japan,JPN,2017,4398.02,0.42,10.63,39241.25935,126662464
JPN-2018,Japan,JPN,2018,4531.75,0.42,10.61,39175.9837,126255872
JPN-2019,Japan,JPN,2019,4587.03,0.42,10.58,39636.89161,125791680
JOR-2015,Jordan,JOR,2015,706.16,0.2,15,9657.327714,9494250
JOR-2016,Jordan,JOR,2016,676,0.2,14.97,9536.754794,9964659
JOR-2017,Jordan,JOR,2017,798.47,0.2,14.94,9761.109748,10215384
JOR-2018,Jordan,JOR,2018,798.11,0.2,14.97,10004.29063,10459864
JOR-2019,Jordan,JOR,2019,797.45,0.21,15.04,10194.8147,10698682
KAZ-2015,Kazakhstan,KAZ,2015,704.96,0.17,10.64,23496.2582,17835908
KAZ-2016,Kazakhstan,KAZ,2016,813.48,0.17,10.63,23196.00956,18078558
KAZ-2017,Kazakhstan,KAZ,2017,757.16,0.17,10.63,26662.14531,18314822
KAZ-2018,Kazakhstan,KAZ,2018,735.6,0.17,10.62,27515.93094,18538100
KAZ-2019,Kazakhstan,KAZ,2019,765.49,0.17,10.61,28757.45084,18754260
KEN-2015,Kenya,KEN,2015,175.47,0.1,12.37,3354.848475,46851496
KEN-2016,Kenya,KEN,2016,186.89,0.11,12.36,3585.168203,47894668
KEN-2017,Kenya,KEN,2017,167.55,0.11,12.35,3900.592055,48948140
KEN-2018,Kenya,KEN,2018,185.41,0.11,12.34,4027.609891,49953300
KEN-2019,Kenya,KEN,2019,207.62,0.11,12.34,4137.587956,50951452
KIR-2015,Kiribati,KIR,2015,168.61,0.07,12.21,,116717
KIR-2016,Kiribati,KIR,2016,205.91,0.07,12.2,,118529
KIR-2017,Kiribati,KIR,2017,238.75,0.07,12.2,,120378
KIR-2018,Kiribati,KIR,2018,275.12,0.07,12.2,,122276
KIR-2019,Kiribati,KIR,2019,246.99,0.07,12.22,,124252
KWT-2015,Kuwait,KWT,2015,1990.74,0.38,13.93,51145.9805,3908745
KWT-2016,Kuwait,KWT,2016,2114.07,0.37,13.94,48569.65724,4048090
KWT-2017,Kuwait,KWT,2017,2366.48,0.37,13.95,53691.91016,4124904
KWT-2018,Kuwait,KWT,2018,2636.89,0.37,13.98,60870.58684,4317190
KWT-2019,Kuwait,KWT,2019,2861.19,0.37,14.05,55942.79561,4441105
KGZ-2015,Kyrgyzstan,KGZ,2015,301.22,0.1,11.33,3990.083869,5914985
KGZ-2016,Kyrgyzstan,KGZ,2016,300.43,0.1,11.3,4311.790161,6018303
KGZ-2017,Kyrgyzstan,KGZ,2017,312.61,0.1,11.28,4909.388925,6121266
KGZ-2018,Kyrgyzstan,KGZ,2018,264.24,0.1,11.27,4940.45172,6223503
KGZ-2019,Kyrgyzstan,KGZ,2019,260.35,0.1,11.26,5015.446061,6323643
LAO-2015,Laos,LAO,2015,151.35,0.09,12.05,6262.257133,6787420
LAO-2016,Laos,LAO,2016,161.57,0.1,12.04,6758.169366,6891366
LAO-2017,Laos,LAO,2017,183.27,0.1,12.03,7078.855111,6997925
LAO-2018,Laos,LAO,2018,174.71,0.1,12.03,7023.064889,7105008
LAO-2019,Laos,LAO,2019,212.37,0.1,12.04,7359.113354,7212058
LVA-2015,Latvia,LVA,2015,1405.4,0.17,12.64,25788.68756,1991951
LVA-2016,Latvia,LVA,2016,1631.07,0.17,12.63,26940.64924,1973477
LVA-2017,Latvia,LVA,2017,1703.6,0.18,12.62,28468.80218,1954861
LVA-2018,Latvia,LVA,2018,1899.7,0.18,12.62,30293.68065,1935632
LVA-2019,Latvia,LVA,2019,2098.45,0.18,12.62,31423.21545,1916552
LBN-2015,Lebanon,LBN,2015,1117.19,0.24,17.2,14730.21119,6398941
LBN-2016,Lebanon,LBN,2016,1225.22,0.24,17.17,15316.31677,6258628
LBN-2017,Lebanon,LBN,2017,1245.02,0.24,17.11,15283.42832,6109255
LBN-2018,Lebanon,LBN,2018,1385.16,0.24,16.88,15062.13255,5950842
LBN-2019,Lebanon,LBN,2019,1288.81,0.24,16.44,14625.11198,5781912
LSO-2015,Lesotho,LSO,2015,279.68,0.11,13.29,3052.935877,2118532
LSO-2016,Lesotho,LSO,2016,262.79,0.11,13.3,2942.291092,2143876
LSO-2017,Lesotho,LSO,2017,268.29,0.11,13.3,2715.579594,2170622
LSO-2018,Lesotho,LSO,2018,287.31,0.11,13.3,2619.719294,2198030
LSO-2019,Lesotho,LSO,2019,313.61,0.11,13.31,2597.903057,2225710
LBR-2015,Liberia,LBR,2015,133.6,0.08,12.76,1188.860462,4612330
LBR-2016,Liberia,LBR,2016,135.06,0.08,12.76,1239.460883,4706106
LBR-2017,Liberia,LBR,2017,139.9,0.08,12.76,1323.317113,4796632
LBR-2018,Liberia,LBR,2018,138.61,0.08,12.67,1498.154668,4889396
LBR-2019,Liberia,LBR,2019,126.02,0.08,12.49,1227.80388,4985290
LTU-2015,Lithuania,LTU,2015,1861.01,0.18,13.24,29854.32182,2963764
LTU-2016,Lithuania,LTU,2016,2038.2,0.18,13.27,31236.43823,2933676
LTU-2017,Lithuania,LTU,2017,2178.09,0.18,13.29,33617.14785,2904452
LTU-2018,Lithuania,LTU,2018,2443.35,0.18,13.27,35036.07267,2876128
LTU-2019,Lithuania,LTU,2019,2796.82,0.19,13.25,37497.88921,2849083
LUX-2015,Luxembourg,LUX,2015,5545.2,0.62,14.93,106534.1617,569415
LUX-2016,Luxembourg,LUX,2016,5806.3,0.62,14.91,109034.3064,583355
LUX-2017,Luxembourg,LUX,2017,5980.64,0.62,14.9,110697.7504,596290
LUX-2018,Luxembourg,LUX,2018,6423.08,0.62,14.9,111703.5774,607920
LUX-2019,Luxembourg,LUX,2019,6756.88,0.63,14.91,112941.4533,619981
MDG-2015,Madagascar,MDG,2015,76.91,0.09,12.97,1610.99216,24850912
MDG-2016,Madagascar,MDG,2016,84.46,0.09,13,1654.738162,25501944
MDG-2017,Madagascar,MDG,2017,76.75,0.09,13.03,1608.783965,26169540
MDG-2018,Madagascar,MDG,2018,69.98,0.09,13.04,1525.557924,26846544
MDG-2019,Madagascar,MDG,2019,65.23,0.09,13.04,1497.184315,27533134
MWI-2015,Malawi,MWI,2015,95.53,0.08,12.48,1052.349902,16938944
MWI-2016,Malawi,MWI,2016,112.73,0.08,12.49,992.6155136,17405624
MWI-2017,Malawi,MWI,2017,111.65,0.08,12.5,1041.569671,17881172
MWI-2018,Malawi,MWI,2018,104.85,0.08,12.5,1054.465505,18367886
MWI-2019,Malawi,MWI,2019,81.7,0.08,12.5,1093.062919,18867340
MYS-2015,Malaysia,MYS,2015,946.98,0.15,12.22,25183.97417,31068834
MYS-2016,Malaysia,MYS,2016,941.55,0.15,12.22,25439.98256,31526414
MYS-2017,Malaysia,MYS,2017,987.58,0.16,12.21,26196.70547,31975812
MYS-2018,Malaysia,MYS,2018,1058.13,0.16,12.22,27016.06654,32399270
MYS-2019,Malaysia,MYS,2019,1132.99,0.16,12.23,27941.69737,32804024
MDV-2015,Maldives,MDV,2015,1457.26,0.12,11.16,16956.25724,435590
MDV-2016,Maldives,MDV,2016,1790.04,0.12,11.13,17622.33105,454263
MDV-2017,Maldives,MDV,2017,1668.81,0.13,11.11,18143.52762,472449
MDV-2018,Maldives,MDV,2018,1473.38,0.13,11.09,18194.72191,489773
MDV-2019,Maldives,MDV,2019,1639.8,0.13,11.07,19138.38514,504518
MLI-2015,Mali,MLI,2015,83.57,0.09,10.49,2036.620897,18112910
MLI-2016,Mali,MLI,2016,82.61,0.09,10.51,2161.974415,18700108
MLI-2017,Mali,MLI,2017,82.55,0.09,10.53,2162.142713,19311356
MLI-2018,Mali,MLI,2018,87.32,0.09,10.55,2282.406162,19934304
MLI-2019,Mali,MLI,2019,94.55,0.09,10.57,2411.158121,20567430
MLT-2015,Malta,MLT,2015,3373.24,0.44,15.67,40261.56006,456585
MLT-2016,Malta,MLT,2016,3599.07,0.44,15.64,42551.26834,467717
MLT-2017,Malta,MLT,2017,3873.25,0.45,15.62,44941.42708,479507
MLT-2018,Malta,MLT,2018,4121.23,0.46,15.65,48378.03046,491590
MLT-2019,Malta,MLT,2019,4039.61,0.46,15.72,50759.08302,503646
MHL-2015,Marshall Islands,MHL,2015,513.86,0.08,11.85,,49426
MHL-2016,Marshall Islands,MHL,2016,532.44,0.08,11.84,,48354
MHL-2017,Marshall Islands,MHL,2017,517.25,0.08,11.83,,47204
MHL-2018,Marshall Islands,MHL,2018,574.38,0.09,11.84,,46012
MHL-2019,Marshall Islands,MHL,2019,592.61,0.09,11.86,,44750
MRT-2015,Mauritania,MRT,2015,154.3,0.11,10.54,3973.637937,3946225
MRT-2016,Mauritania,MRT,2016,145.54,0.12,10.55,4406.653687,4051896
MRT-2017,Mauritania,MRT,2017,169.44,0.12,10.56,4548.511831,4160018
MRT-2018,Mauritania,MRT,2018,184.87,0.12,10.57,4530.282529,4270717
MRT-2019,Mauritania,MRT,2019,187.05,0.12,10.58,4283.262539,4383853
MUS-2015,Mauritius,MUS,2015,1098.83,0.14,11.92,20341.76704,1293159
MUS-2016,Mauritius,MUS,2016,1182.88,0.14,11.89,21720.03344,1293909
MUS-2017,Mauritius,MUS,2017,1244.21,0.14,11.86,22098.83989,1294743
MUS-2018,Mauritius,MUS,2018,1332.72,0.14,11.85,22530.82743,1295386
MUS-2019,Mauritius,MUS,2019,1475.96,0.14,11.86,23199.73023,1296284
MEX-2015,Mexico,MEX,2015,1047.35,0.25,12.19,18906.10278,120149896
MEX-2016,Mexico,MEX,2016,1073.13,0.25,12.22,19310.92035,121519224
MEX-2017,Mexico,MEX,2017,1076.31,0.26,12.25,19277.26267,122839256
MEX-2018,Mexico,MEX,2018,1089.61,0.26,12.26,19580.32586,124013864
MEX-2019,Mexico,MEX,2019,1110.94,0.26,12.26,19308.07396,125085312
FSM-2015,Micronesia (country),FSM,2015,366.98,0.08,11.93,,109477
FSM-2016,Micronesia (country),FSM,2016,390.33,0.08,11.92,,109934
FSM-2017,Micronesia (country),FSM,2017,375.87,0.08,11.91,,110441
FSM-2018,Micronesia (country),FSM,2018,365.43,0.08,11.91,,110945
FSM-2019,Micronesia (country),FSM,2019,364.21,0.08,11.93,,111392
MDA-2015,Moldova,MDA,2015,631.46,0.11,12.9,6735.379895,3277390
MDA-2016,Moldova,MDA,2016,630.58,0.11,12.88,7245.589191,3225125
MDA-2017,Moldova,MDA,2017,809.84,0.11,12.86,8219.134751,3180515
MDA-2018,Moldova,MDA,2018,827.61,0.12,12.83,8414.223133,3141839
MDA-2019,Moldova,MDA,2019,860.19,0.12,12.8,8685.856726,3109496
MCO-2015,Monaco,MCO,2015,3729.56,0.91,16.02,,36781
MCO-2016,Monaco,MCO,2016,3102.07,0.93,16.03,,37090
MCO-2017,Monaco,MCO,2017,3057.19,0.94,16.03,,37069
MCO-2018,Monaco,MCO,2018,2982.88,0.95,16.04,,37050
MCO-2019,Monaco,MCO,2019,3079.91,0.96,16.05,,37059
MNG-2015,Mongolia,MNG,2015,456.35,0.13,11.14,11190.68096,2964756
MNG-2016,Mongolia,MNG,2016,475.21,0.14,11.24,11032.78249,3029559
MNG-2017,Mongolia,MNG,2017,453.04,0.14,11.34,11170.02842,3096033
MNG-2018,Mongolia,MNG,2018,470.46,0.14,11.32,11137.93513,3163994
MNG-2019,Mongolia,MNG,2019,484.39,0.14,11.27,12832.9704,3232435
MNE-2015,Montenegro,MNE,2015,1462.45,0.16,11.66,16213.65462,633969
MNE-2016,Montenegro,MNE,2016,1558.64,0.16,11.65,17129.34441,633264
MNE-2017,Montenegro,MNE,2017,1563.1,0.16,11.65,18108.96221,632445
MNE-2018,Montenegro,MNE,2018,1838.01,0.16,11.64,19249.10401,631459
MNE-2019,Montenegro,MNE,2019,1983.61,0.17,11.63,20554.23128,630403
Mar-2015,Morocco,MAR,2015,361.25,0.19,15.78,7329.517938,34680456
Mar-2016,Morocco,MAR,2016,378.43,0.19,15.76,7240.812474,35107272
Mar-2017,Morocco,MAR,2017,388.71,0.19,15.74,7299.932665,35528116
Mar-2018,Morocco,MAR,2018,413.17,0.19,15.73,7499.701352,35927516
Mar-2019,Morocco,MAR,2019,424.5,0.2,15.75,7724.827523,36304408
MOZ-2015,Mozambique,MOZ,2015,86.73,0.08,13.34,1270.573661,26843252
MOZ-2016,Mozambique,MOZ,2016,97.81,0.08,13.33,1229.506787,27696500
MOZ-2017,Mozambique,MOZ,2017,99.6,0.08,13.32,1172.249904,28569448
MOZ-2018,Mozambique,MOZ,2018,106.91,0.08,13.34,1128.459665,29423882
MOZ-2019,Mozambique,MOZ,2019,104.82,0.09,13.37,1169.86453,30285602
MMR-2015,Myanmar,MMR,2015,224.89,0.09,10.96,4554.714007,51483956
MMR-2016,Myanmar,MMR,2016,206.13,0.09,10.92,4503.301463,51892352
MMR-2017,Myanmar,MMR,2017,214.63,0.09,10.89,4610.221987,52288344
MMR-2018,Myanmar,MMR,2018,222.52,0.1,10.88,4916.028955,52666016
MMR-2019,Myanmar,MMR,2019,226.83,0.1,10.89,4819.9005,53040212
NAM-2015,Namibia,NAM,2015,1061.32,0.16,11.08,10830.13239,2282709
NAM-2016,Namibia,NAM,2016,972.05,0.16,11.09,10584.19937,2323351
NAM-2017,Namibia,NAM,2017,887.53,0.16,11.1,10303.60901,2364540
NAM-2018,Namibia,NAM,2018,859.92,0.17,11.1,10260.03115,2405682
NAM-2019,Namibia,NAM,2019,867.35,0.17,11.09,10100.48815,2446648
NRU-2015,Nauru,NRU,2015,1803.03,0.11,11.86,,11207
NRU-2016,Nauru,NRU,2016,1462.48,0.11,11.82,,11463
NRU-2017,Nauru,NRU,2017,1498.89,0.11,11.79,,11708
NRU-2018,Nauru,NRU,2018,1207.64,0.12,11.78,,11949
NRU-2019,Nauru,NRU,2019,1389.73,0.12,11.79,,12156
NPL-2015,Nepal,NPL,2015,163.78,0.1,13.83,2501.995151,27610328
NPL-2016,Nepal,NPL,2016,162.15,0.1,13.81,2457.327928,27861186
NPL-2017,Nepal,NPL,2017,168.34,0.11,13.81,2841.282959,28183424
NPL-2018,Nepal,NPL,2018,171.21,0.11,13.81,2957.72482,28506718
NPL-2019,Nepal,NPL,2019,176.96,0.11,13.83,3103.988589,28832500
NLD-2015,Netherlands,NLD,2015,5203.8,0.41,16.7,51518.36358,17041110
NLD-2016,Netherlands,NLD,2016,5398.93,0.42,16.62,51614.00014,17124512
NLD-2017,Netherlands,NLD,2017,5602.59,0.42,16.55,53975.51307,17207204
NLD-2018,Netherlands,NLD,2018,6009.47,0.42,16.56,55094.98413,17286042
NLD-2019,Netherlands,NLD,2019,6248.15,0.42,16.6,56051.19836,17363260
NZL-2015,New Zealand,NZL,2015,3475.54,0.65,19.04,37839.94915,4590591
NZL-2016,New Zealand,NZL,2016,3734.82,0.66,19.04,39566.31639,4668088
NZL-2017,New Zealand,NZL,2017,3875.54,0.67,19.03,40816.90698,4746253
NZL-2018,New Zealand,NZL,2018,4095.71,0.67,19.03,41276.025,4838528
NZL-2019,New Zealand,NZL,2019,4439.35,0.67,19.04,41935.31099,4959033
NIC-2015,Nicaragua,NIC,2015,421.55,0.17,13.26,5202.01796,6298610
NIC-2016,Nicaragua,NIC,2016,458.3,0.17,13.28,5485.494398,6389237
NIC-2017,Nicaragua,NIC,2017,500.54,0.17,13.29,5592.22327,6480534
NIC-2018,Nicaragua,NIC,2018,500.9,0.17,13.28,5274.26077,6572234
NIC-2019,Nicaragua,NIC,2019,474.52,0.18,13.27,5100.650249,6663919
NER-2015,Niger,NER,2015,61.24,0.08,11.59,1135.40354,20128132
NER-2016,Niger,NER,2016,52.04,0.08,11.61,1127.869386,20921748
NER-2017,Niger,NER,2017,64.86,0.08,11.62,1132.774205,21737924
NER-2018,Niger,NER,2018,65.05,0.08,11.62,1167.996115,22577060
NER-2019,Niger,NER,2019,72.48,0.08,11.63,1175.393952,23443400
NGA-2015,Nigeria,NGA,2015,194.37,0.13,10.71,5529.93672,183995776
NGA-2016,Nigeria,NGA,2016,190.95,0.13,10.71,5255.735015,188666928
NGA-2017,Nigeria,NGA,2017,194.81,0.13,10.72,5065.453608,193495904
NGA-2018,Nigeria,NGA,2018,163.21,0.13,10.72,5189.794615,198387616
NGA-2019,Nigeria,NGA,2019,162.31,0.13,10.72,4893.912405,203304496
NIU-2015,Niue,NIU,2015,1178.73,0.12,11.76,,1871
NIU-2016,Niue,NIU,2016,1070.5,0.12,11.76,,1883
NIU-2017,Niue,NIU,2017,1246.34,0.12,11.76,,1891
NIU-2018,Niue,NIU,2018,1400.97,0.12,11.77,,1907
NIU-2019,Niue,NIU,2019,959.27,0.12,11.77,,1943
MKD-2015,North Macedonia,MKD,2015,876.98,0.15,11.37,14282.36746,2107965
MKD-2016,North Macedonia,MKD,2016,961.88,0.15,11.36,15121.52056,2110194
MKD-2017,North Macedonia,MKD,2017,1035.25,0.15,11.35,15406.23176,2111982
MKD-2018,North Macedonia,MKD,2018,1127.28,0.15,11.34,15644.90953,2113497
MKD-2019,North Macedonia,MKD,2019,1313.56,0.15,11.34,16149.42274,2114175
NOR-2015,Norway,NOR,2015,6142.44,0.49,15.97,61786.89458,5190357
NOR-2016,Norway,NOR,2016,6271.01,0.5,16.03,59399.23907,5236591
NOR-2017,Norway,NOR,2017,6630.84,0.51,16.08,61759.09725,5277396
NOR-2018,Norway,NOR,2018,7009.25,0.51,16.06,64106.10805,5312321
NOR-2019,Norway,NOR,2019,7217.39,0.51,15.98,62544.03236,5348285
OMN-2015,Oman,OMN,2015,1349.44,0.28,13.66,33854.65121,4191784
OMN-2016,Oman,OMN,2016,1260.2,0.28,13.63,30969.10561,4398080
OMN-2017,Oman,OMN,2017,1154.78,0.28,13.61,30184.63382,4541853
OMN-2018,Oman,OMN,2018,1201.93,0.28,13.66,31736.18788,4601160
OMN-2019,Oman,OMN,2019,1160.78,0.28,13.73,29506.57487,4602769
PAK-2015,Pakistan,PAK,2015,117.51,0.12,12.9,4512.615079,210969296
PAK-2016,Pakistan,PAK,2016,127.58,0.12,12.91,4455.776881,213524848
PAK-2017,Pakistan,PAK,2017,132.67,0.12,12.92,4546.150904,216379648
PAK-2018,Pakistan,PAK,2018,155.46,0.13,12.98,4696.738445,219731488
PAK-2019,Pakistan,PAK,2019,165.55,0.13,13.08,4787.469594,223293280
PLW-2015,Palau,PLW,2015,2028.04,0.12,11.68,,17822
PLW-2016,Palau,PLW,2016,2188.93,0.12,11.66,,17840
PLW-2017,Palau,PLW,2017,2163.06,0.13,11.64,,17857
PLW-2018,Palau,PLW,2018,2085.19,0.13,11.64,,17887
PLW-2019,Palau,PLW,2019,2901.93,0.13,11.65,,17939
PAN-2015,Panama,PAN,2015,1724,0.29,12.15,25095.00945,3957102
PAN-2016,Panama,PAN,2016,2037.56,0.29,12.16,27172.08345,4026338
PAN-2017,Panama,PAN,2017,2103.31,0.29,12.18,29040.03199,4096071
PAN-2018,Panama,PAN,2018,2308.35,0.3,12.18,29421.49408,4165258
PAN-2019,Panama,PAN,2019,2490.95,0.3,12.18,29586.34318,4232538
PNG-2015,Papua New Guinea,PNG,2015,72.21,0.08,11.96,,8682172
PNG-2016,Papua New Guinea,PNG,2016,96.67,0.08,11.94,,8899176
PNG-2017,Papua New Guinea,PNG,2017,95.63,0.08,11.91,,9114803
PNG-2018,Papua New Guinea,PNG,2018,97.35,0.08,11.91,,9329233
PNG-2019,Papua New Guinea,PNG,2019,104.61,0.08,11.91,,9542492
PRY-2015,Paraguay,PRY,2015,768.64,0.22,15.82,11665.73651,6177954
PRY-2016,Paraguay,PRY,2016,803.85,0.22,15.83,11962.54195,6266623
PRY-2017,Paraguay,PRY,2017,832.11,0.22,15.84,12212.44795,6355406
PRY-2018,Paraguay,PRY,2018,884.37,0.23,15.84,12337.16595,6443337
PRY-2019,Paraguay,PRY,2019,950.14,0.23,15.84,12135.09958,6530029
PER-2015,Peru,PER,2015,580.98,0.3,13.83,11730.96433,30711864
PER-2016,Peru,PER,2016,606.99,0.3,13.83,11915.95846,31132776
PER-2017,Peru,PER,2017,624.02,0.31,13.83,12152.83928,31605488
PER-2018,Peru,PER,2018,690.16,0.31,13.83,12381.87832,32203946
PER-2019,Peru,PER,2019,711.63,0.31,13.82,12412.81823,32824864
PHL-2015,Philippines,PHL,2015,280.16,0.1,11.96,7082.621076,103031360
PHL-2016,Philippines,PHL,2016,304.67,0.1,11.94,7432.957007,104875272
PHL-2017,Philippines,PHL,2017,321.62,0.11,11.93,7663.489082,106738496
PHL-2018,Philippines,PHL,2018,344.91,0.11,11.93,7937.039951,108568832
PHL-2019,Philippines,PHL,2019,379.24,0.11,11.94,8204.645512,110380800
POL-2015,Poland,POL,2015,1716.9,0.19,10.48,28126.57499,38553148
POL-2016,Poland,POL,2016,1850.92,0.2,10.47,28910.42512,38532108
POL-2017,Poland,POL,2017,1972.37,0.2,10.46,30079.71928,38532816
POL-2018,Poland,POL,2018,2023.38,0.2,10.5,31497.98207,38521464
POL-2019,Poland,POL,2019,2206.54,0.2,10.6,33248.03272,38493600
PRT-2015,Portugal,PRT,2015,2758.88,0.45,18.28,30286.36135,10365436
PRT-2016,Portugal,PRT,2016,2964.8,0.46,18.36,31303.06322,10332751
PRT-2017,Portugal,PRT,2017,3072.32,0.46,18.46,32270.65449,10307528
PRT-2018,Portugal,PRT,2018,3285.7,0.46,18.47,33298.96934,10289833
PRT-2019,Portugal,PRT,2019,3517.72,0.46,18.45,34264.51863,10289921
QAT-2015,Qatar,QAT,2015,2789.95,0.36,13.51,102700.215,2414580
QAT-2016,Qatar,QAT,2016,2698.73,0.37,13.5,96355.06338,2595175
QAT-2017,Qatar,QAT,2017,2731.58,0.37,13.49,105430.8907,2711764
QAT-2018,Qatar,QAT,2018,2446.27,0.37,13.53,110521.7657,2766743
QAT-2019,Qatar,QAT,2019,2736.82,0.37,13.63,103445.1273,2807242
ROU-2015,Romania,ROU,2015,1065.93,0.16,11.15,22062.88339,19906078
ROU-2016,Romania,ROU,2016,1210.83,0.17,11.14,23441.45158,19797820
ROU-2017,Romania,ROU,2017,1398.55,0.17,11.12,25932.89967,19698852
ROU-2018,Romania,ROU,2018,1672.6,0.17,11.11,27323.69259,19606778
ROU-2019,Romania,ROU,2019,1906.59,0.17,11.1,28828.93538,19524212
RUS-2015,Russia,RUS,2015,1288.07,0.17,11.38,26028.33063,144668384
RUS-2016,Russia,RUS,2016,1288.6,0.17,11.37,25379.19828,145109152
RUS-2017,Russia,RUS,2017,1406.2,0.17,11.36,26851.55843,145452544
RUS-2018,Russia,RUS,2018,1570.78,0.17,11.35,29053.48372,145652288
RUS-2019,Russia,RUS,2019,1704.04,0.17,11.32,28773.27475,145742288
RWA-2015,Rwanda,RWA,2015,120.08,0.09,13.05,1886.012237,11642963
RWA-2016,Rwanda,RWA,2016,131.03,0.09,13.07,1912.814942,11930902
RWA-2017,Rwanda,RWA,2017,126.21,0.09,13.09,1956.512699,12230343
RWA-2018,Rwanda,RWA,2018,142.84,0.1,13.08,2046.609932,12531810
RWA-2019,Rwanda,RWA,2019,145.74,0.1,13.08,2135.312516,12835029
KNA-2015,Saint Kitts and Nevis,KNA,2015,1271.22,0.3,15.08,25302.87303,47814
KNA-2016,Saint Kitts and Nevis,KNA,2016,1403.86,0.3,15.08,26010.93372,47814
KNA-2017,Saint Kitts and Nevis,KNA,2017,1419.12,0.3,15.07,25928.52011,47811
KNA-2018,Saint Kitts and Nevis,KNA,2018,1382.91,0.3,15.08,,
KNA-2019,Saint Kitts and Nevis,KNA,2019,1506.51,0.3,15.1,,
LCA-2015,Saint Lucia,LCA,2015,620.8,0.22,14.4,,
LCA-2016,Saint Lucia,LCA,2016,702.05,0.23,14.4,,
LCA-2017,Saint Lucia,LCA,2017,696.13,0.23,14.4,,
LCA-2018,Saint Lucia,LCA,2018,690.31,0.23,14.43,,
LCA-2019,Saint Lucia,LCA,2019,697.71,0.23,14.47,,
VCT-2015,Saint Vincent and the Grenadines,VCT,2015,475.56,0.22,14.38,,
VCT-2016,Saint Vincent and the Grenadines,VCT,2016,518.78,0.22,14.37,,
VCT-2017,Saint Vincent and the Grenadines,VCT,2017,529.55,0.22,14.37,,
VCT-2018,Saint Vincent and the Grenadines,VCT,2018,576.08,0.22,14.39,,
VCT-2019,Saint Vincent and the Grenadines,VCT,2019,620.3,0.22,14.45,,
WSM-2015,Samoa,WSM,2015,337.28,0.1,11.58,,
WSM-2016,Samoa,WSM,2016,343.27,0.1,11.56,,
WSM-2017,Samoa,WSM,2017,361.22,0.1,11.55,,
WSM-2018,Samoa,WSM,2018,354.65,0.1,11.56,,
WSM-2019,Samoa,WSM,2019,433.19,0.1,11.59,,
SMR-2015,San Marino,SMR,2015,3467.58,0.57,15.93,,
SMR-2016,San Marino,SMR,2016,3867.33,0.57,15.94,,
SMR-2017,San Marino,SMR,2017,4251.64,0.56,15.94,,
SMR-2018,San Marino,SMR,2018,4221.51,0.56,15.94,,
SMR-2019,San Marino,SMR,2019,4057.16,0.56,15.94,,
STP-2015,Sao Tome and Principe,STP,2015,204.95,0.11,10.93,,
STP-2016,Sao Tome and Principe,STP,2016,250.12,0.11,10.93,,
STP-2017,Sao Tome and Principe,STP,2017,253,0.11,10.94,,
STP-2018,Sao Tome and Principe,STP,2018,236.9,0.11,10.96,,
STP-2019,Sao Tome and Principe,STP,2019,226.81,0.11,11,,
SAU-2015,Saudi Arabia,SAU,2015,2915.86,0.29,13.7,,
SAU-2016,Saudi Arabia,SAU,2016,2654.3,0.29,13.67,,
SAU-2017,Saudi Arabia,SAU,2017,2962.58,0.29,13.63,,
SAU-2018,Saudi Arabia,SAU,2018,2802.5,0.29,13.65,,
SAU-2019,Saudi Arabia,SAU,2019,2789.56,0.29,13.7,,
SEN-2015,Senegal,SEN,2015,130.22,0.1,10.94,,
SEN-2016,Senegal,SEN,2016,131.06,0.1,10.95,,
SEN-2017,Senegal,SEN,2017,128.06,0.1,10.95,,
SEN-2018,Senegal,SEN,2018,143.17,0.1,10.97,,
SEN-2019,Senegal,SEN,2019,144.8,0.11,11,,
SRB-2015,Serbia,SRB,2015,1312.15,0.15,11.37,,
SRB-2016,Serbia,SRB,2016,1338,0.15,11.39,,
SRB-2017,Serbia,SRB,2017,1366.07,0.15,11.42,,
SRB-2018,Serbia,SRB,2018,1556.73,0.15,11.4,,
SRB-2019,Serbia,SRB,2019,1686.07,0.15,11.38,,
SYC-2015,Seychelles,SYC,2015,1086.45,0.15,10.84,,
SYC-2016,Seychelles,SYC,2016,1316.43,0.15,10.84,,
SYC-2017,Seychelles,SYC,2017,1332.22,0.16,10.84,,
SYC-2018,Seychelles,SYC,2018,1470.19,0.16,10.84,,
SYC-2019,Seychelles,SYC,2019,1468.72,0.16,10.86,,
SLE-2015,Sierra Leone,SLE,2015,326.45,0.09,12.31,,
SLE-2016,Sierra Leone,SLE,2016,277.35,0.09,12.33,,
SLE-2017,Sierra Leone,SLE,2017,153.57,0.09,12.34,,
SLE-2018,Sierra Leone,SLE,2018,141.24,0.09,12.34,,
SLE-2019,Sierra Leone,SLE,2019,157,0.09,12.33,,
SGP-2015,Singapore,SGP,2015,3598.99,0.48,,,
SGP-2016,Singapore,SGP,2016,3894.94,0.48,,,
SGP-2017,Singapore,SGP,2017,4091.44,0.49,,,
SGP-2018,Singapore,SGP,2018,4035.61,0.5,,,
SGP-2019,Singapore,SGP,2019,4102.27,0.5,,,
SVK-2015,Slovakia,SVK,2015,2033.22,0.19,11.25,,
SVK-2016,Slovakia,SVK,2016,2110.64,0.19,11.24,,
SVK-2017,Slovakia,SVK,2017,2038.16,0.19,11.22,,
SVK-2018,Slovakia,SVK,2018,2113.84,0.19,11.21,,
SVK-2019,Slovakia,SVK,2019,2267.09,0.2,11.21,,
SVN-2015,Slovenia,SVN,2015,2688.7,0.19,11.66,,
SVN-2016,Slovenia,SVN,2016,2873.21,0.2,11.66,,
SVN-2017,Slovenia,SVN,2017,2998.32,0.2,11.66,,
SVN-2018,Slovenia,SVN,2018,3334.94,0.2,11.65,,
SVN-2019,Slovenia,SVN,2019,3629.01,0.2,11.63,,
SLB-2015,Solomon Islands,SLB,2015,113.6,0.07,12.25,,
SLB-2016,Solomon Islands,SLB,2016,115.09,0.07,12.23,,
SLB-2017,Solomon Islands,SLB,2017,112.66,0.07,12.21,,
SLB-2018,Solomon Islands,SLB,2018,109.17,0.07,12.21,,
SLB-2019,Solomon Islands,SLB,2019,131.09,0.07,12.23,,
ZAF-2015,South Africa,ZAF,2015,1103.37,0.17,11.95,,
ZAF-2016,South Africa,ZAF,2016,1110.76,0.17,12.01,,
ZAF-2017,South Africa,ZAF,2017,1107.89,0.17,12.07,,
ZAF-2018,South Africa,ZAF,2018,1145.87,0.17,12.05,,
ZAF-2019,South Africa,ZAF,2019,1187.33,0.17,12.01,,
KOR-2015,South Korea,KOR,2015,2531.06,0.37,,,
KOR-2016,South Korea,KOR,2016,2748.95,0.37,,,
KOR-2017,South Korea,KOR,2017,2925.95,0.37,,,
KOR-2018,South Korea,KOR,2018,3232.42,0.38,,,
KOR-2019,South Korea,KOR,2019,3521.33,0.38,,,
SSD-2017,South Sudan,SSD,2017,84.44,0.16,13.3,,
SSD-2018,South Sudan,SSD,2018,64.22,0.16,13.31,,
SSD-2019,South Sudan,SSD,2019,62.99,0.16,13.31,,
ESP-2015,Spain,ESP,2015,3184.99,0.64,18.72,,
ESP-2016,Spain,ESP,2016,3341.17,0.64,18.76,,
ESP-2017,Spain,ESP,2017,3556.87,0.65,18.8,,
ESP-2018,Spain,ESP,2018,3787.7,0.65,18.66,,
ESP-2019,Spain,ESP,2019,3983.93,0.65,18.32,,
LKA-2015,Sri Lanka,LKA,2015,450.91,0.12,11.46,,
LKA-2016,Sri Lanka,LKA,2016,476.46,0.12,11.46,,
LKA-2017,Sri Lanka,LKA,2017,459.25,0.12,11.46,,
LKA-2018,Sri Lanka,LKA,2018,523.52,0.12,11.45,,
LKA-2019,Sri Lanka,LKA,2019,569.57,0.13,11.45,,
SDN-2015,Sudan,SDN,2015,322.55,0.15,16.01,,
SDN-2016,Sudan,SDN,2016,305.39,0.15,15.99,,
SDN-2017,Sudan,SDN,2017,278.69,0.15,15.98,,
SDN-2018,Sudan,SDN,2018,202.41,0.15,15.98,,
SDN-2019,Sudan,SDN,2019,204.54,0.15,15.99,,
SUR-2015,Suriname,SUR,2015,999.57,0.23,15.47,,
SUR-2016,Suriname,SUR,2016,902.66,0.24,15.48,,
SUR-2017,Suriname,SUR,2017,973.22,0.24,15.48,,
SUR-2018,Suriname,SUR,2018,1345.69,0.24,15.47,,
SUR-2019,Suriname,SUR,2019,1680.19,0.24,15.45,,
SWE-2015,Sweden,SWE,2015,5333.4,0.54,15.33,,
SWE-2016,Sweden,SWE,2016,5512.93,0.55,15.33,,
SWE-2017,Sweden,SWE,2017,5655.7,0.55,15.32,,
SWE-2018,Sweden,SWE,2018,6077.04,0.56,15.32,,
SWE-2019,Sweden,SWE,2019,6222.66,0.56,15.33,,
CHE-2015,Switzerland,CHE,2015,7306.93,0.54,17.17,,
CHE-2016,Switzerland,CHE,2016,7738.63,0.54,17.18,,
CHE-2017,Switzerland,CHE,2017,7989.64,0.54,17.18,,
CHE-2018,Switzerland,CHE,2018,8447.56,0.54,17.14,,
CHE-2019,Switzerland,CHE,2019,8532.5,0.54,17.07,,
TJK-2015,Tajikistan,TJK,2015,206.62,0.09,11.08,,
TJK-2016,Tajikistan,TJK,2016,216.9,0.09,11.06,,
TJK-2017,Tajikistan,TJK,2017,222.95,0.09,11.04,,
TJK-2018,Tajikistan,TJK,2018,239.88,0.09,11.04,,
TJK-2019,Tajikistan,TJK,2019,250.77,0.09,11.04,,
TZA-2015,Tanzania,TZA,2015,83.21,0.1,12.55,,
TZA-2016,Tanzania,TZA,2016,95.4,0.1,12.56,,
TZA-2017,Tanzania,TZA,2017,100.21,0.11,12.57,,
TZA-2018,Tanzania,TZA,2018,105.11,0.11,12.58,,
TZA-2019,Tanzania,TZA,2019,99.35,0.11,12.58,,
THA-2015,Thailand,THA,2015,580.35,0.13,12.08,,
THA-2016,Thailand,THA,2016,623.79,0.13,12.07,,
THA-2017,Thailand,THA,2017,669.58,0.14,12.06,,
THA-2018,Thailand,THA,2018,707.59,0.14,12.05,,
THA-2019,Thailand,THA,2019,731.31,0.14,12.04,,
TLS-2015,Timor,TLS,2015,223.41,0.1,11.15,,
TLS-2016,Timor,TLS,2016,215.94,0.1,11.16,,
TLS-2017,Timor,TLS,2017,212.11,0.1,11.18,,
TLS-2018,Timor,TLS,2018,237.96,,11.21,,
TLS-2019,Timor,TLS,2019,220.31,,11.24,,
TGO-2015,Togo,TGO,2015,93.44,,12.3,,
TGO-2016,Togo,TGO,2016,104.6,,12.3,,
TGO-2017,Togo,TGO,2017,130.67,,12.31,,
TGO-2018,Togo,TGO,2018,128.41,,12.31,,
TGO-2019,Togo,TGO,2019,125.56,,12.31,,
TON-2015,Tonga,TON,2015,270.65,,11.54,,
TON-2016,Tonga,TON,2016,312.88,,,,
TON-2017,Tonga,TON,2017,330.04,,,,
TON-2018,Tonga,TON,2018,332.15,,,,
TON-2019,Tonga,TON,2019,332.05,,,,
TTO-2015,Trinidad and Tobago,TTO,2015,1665.38,,,,
TTO-2016,Trinidad and Tobago,TTO,2016,1803.14,,,,
TTO-2017,Trinidad and Tobago,TTO,2017,1842.56,,,,
TTO-2018,Trinidad and Tobago,TTO,2018,1796.03,,,,
TTO-2019,Trinidad and Tobago,TTO,2019,1834.96,,,,
TUN-2015,Tunisia,TUN,2015,675.98,,,,
TUN-2016,Tunisia,TUN,2016,684.75,,,,
TUN-2017,Tunisia,TUN,2017,723.12,,,,
TUN-2018,Tunisia,TUN,2018,759.04,,,,
TUN-2019,Tunisia,TUN,2019,789.05,,,,
TUR-2015,Turkey,TUR,2015,1060.24,,,,
TUR-2016,Turkey,TUR,2016,1135.96,,,,
TUR-2017,Turkey,TUR,2017,1166.73,,,,
TUR-2018,Turkey,TUR,2018,1152.41,,,,
TUR-2019,Turkey,TUR,2019,1186.74,,,,
TKM-2015,Turkmenistan,TKM,2015,862.23,,,,
TKM-2016,Turkmenistan,TKM,2016,918.11,,,,
TKM-2017,Turkmenistan,TKM,2017,985.17,,,,
TKM-2018,Turkmenistan,TKM,2018,1004.81,,,,
TKM-2019,Turkmenistan,TKM,2019,1063.84,,,,
TUV-2015,Tuvalu,TUV,2015,600.9,,,,
TUV-2016,Tuvalu,TUV,2016,626.5,,,,
TUV-2017,Tuvalu,TUV,2017,691.06,,,,
TUV-2018,Tuvalu,TUV,2018,837.3,,,,
TUV-2019,Tuvalu,TUV,2019,1071.3,,,,
UGA-2015,Uganda,UGA,2015,113.36,,,,
UGA-2016,Uganda,UGA,2016,107.92,,,,
UGA-2017,Uganda,UGA,2017,87.2,,,,
UGA-2018,Uganda,UGA,2018,92.14,,,,
UGA-2019,Uganda,UGA,2019,92.38,,,,
UKR-2015,Ukraine,UKR,2015,753.85,,,,
UKR-2016,Ukraine,UKR,2016,802.78,,,,
UKR-2017,Ukraine,UKR,2017,842.43,,,,
UKR-2018,Ukraine,UKR,2018,907.95,,,,
UKR-2019,Ukraine,UKR,2019,907.16,,,,
ARE-2015,United Arab Emirates,ARE,2015,2325.82,,,,
ARE-2016,United Arab Emirates,ARE,2016,2217.17,,,,
ARE-2017,United Arab Emirates,ARE,2017,2727.39,,,,
ARE-2018,United Arab Emirates,ARE,2018,2843.78,,,,
ARE-2019,United Arab Emirates,ARE,2019,2996.36,,,,
GBR-2015,United Kingdom,GBR,2015,4231.58,,,,
GBR-2016,United Kingdom,GBR,2016,4374.49,,,,
GBR-2017,United Kingdom,GBR,2017,4515.59,,,,
GBR-2018,United Kingdom,GBR,2018,4830.18,,,,
GBR-2019,United Kingdom,GBR,2019,5087.38,,,,
USA-2015,United States,USA,2015,9392.07,,,,
USA-2016,United States,USA,2016,9775,,,,
USA-2017,United States,USA,2017,10103.09,,,,
USA-2018,United States,USA,2018,10515.32,,,,
USA-2019,United States,USA,2019,10921.01,,,,
URY-2015,Uruguay,URY,2015,1821.24,,,,
URY-2016,Uruguay,URY,2016,1948,,,,
URY-2017,Uruguay,URY,2017,2029.89,,,,
URY-2018,Uruguay,URY,2018,2158.26,,,,
URY-2019,Uruguay,URY,2019,2309.84,,,,
UZB-2015,Uzbekistan,UZB,2015,320.15,,,,
UZB-2016,Uzbekistan,UZB,2016,324.62,,,,
UZB-2017,Uzbekistan,UZB,2017,335.39,,,,
UZB-2018,Uzbekistan,UZB,2018,372.38,,,,
UZB-2019,Uzbekistan,UZB,2019,418.01,,,,
VUT-2015,Vanuatu,VUT,2015,122.7,,,,
VUT-2016,Vanuatu,VUT,2016,85.52,,,,
VUT-2017,Vanuatu,VUT,2017,86.11,,,,
VUT-2018,Vanuatu,VUT,2018,107.24,,,,
VUT-2019,Vanuatu,VUT,2019,110.64,,,,
VEN-2015,Venezuela,VEN,2015,744.75,,,,
VEN-2016,Venezuela,VEN,2016,567.16,,,,
VEN-2017,Venezuela,VEN,2017,589.05,,,,
VEN-2018,Venezuela,VEN,2018,521.33,,,,
VEN-2019,Venezuela,VEN,2019,384.5,,,,
VNM-2015,Vietnam,VNM,2015,344.96,,,,
VNM-2016,Vietnam,VNM,2016,371.98,,,,
VNM-2017,Vietnam,VNM,2017,423.98,,,,
VNM-2018,Vietnam,VNM,2018,493.99,,,,
VNM-2019,Vietnam,VNM,2019,558.87,,,,
YEM-2015,Yemen,YEM,2015,110.01,,,,
ZMB-2015,Zambia,ZMB,2015,152.14,,,,
ZMB-2016,Zambia,ZMB,2016,152.43,,,,
ZMB-2017,Zambia,ZMB,2017,152.54,,,,
ZMB-2018,Zambia,ZMB,2018,181.55,,,,
ZMB-2019,Zambia,ZMB,2019,192.52,,,,
ZWE-2015,Zimbabwe,ZWE,2015,199.68,,,,
ZWE-2016,Zimbabwe,ZWE,2016,215.4,,,,
ZWE-2017,Zimbabwe,ZWE,2017,226.21,,,,
ZWE-2018,Zimbabwe,ZWE,2018,269.2,,,,
ZWE-2019,Zimbabwe,ZWE,2019,208.41,,,,