Entity,Code,Year,EatingDisorderPrevalancePercent,GNI,DepressionPrevalancePerc,Life satisfaction in Cantril Ladder (World Happiness Report 2022),
Afghanistan,AFG,2015,0.12,590,5.11,2.66171813,Asia
Afghanistan,AFG,2016,0.12,550,5.11,2.694303274,Asia
Afghanistan,AFG,2017,0.12,530,5.11,2.375091791,Asia
Afghanistan,AFG,2018,0.12,510,5.12,,
Afghanistan,AFG,2019,0.12,520,5.13,2.522900105,
Albania,ALB,2015,0.14,4390,,,Europe
Albania,ALB,2016,0.14,4320,2.61,5.004402637,Europe
Albania,ALB,2017,0.14,4290,2.61,4.995317936,Europe
Albania,ALB,2018,0.14,4860,2.62,5.364909649,
Albania,ALB,2019,0.15,5230,2.63,5.117400169,
Algeria,DZA,2015,0.22,4850,2.61,4.639548302,
Algeria,DZA,2016,0.22,4370,4.31,5.043086052,
Algeria,DZA,2017,0.22,3950,4.3,4.744627476,
Algeria,DZA,2018,0.22,3980,4.32,,
Algeria,DZA,2019,0.22,4010,4.37,4.88710022,
Angola,AGO,2015,0.14,3920,4.31,5.248912334,
Angola,AGO,2016,0.14,2480,5.85,,
Angola,AGO,2017,0.14,2010,5.86,,
Angola,AGO,2018,0.14,1900,5.86,,
Angola,AGO,2019,0.14,2070,5.86,,
Antigua and Barbuda,ATG,2015,0.28,12850,5.85,,
Antigua and Barbuda,ATG,2016,0.28,13580,3.05,,
Antigua and Barbuda,ATG,2017,0.28,14320,3.05,,
Antigua and Barbuda,ATG,2018,0.28,15880,3.09,,
Antigua and Barbuda,ATG,2019,0.28,16420,3.17,,
Argentina,ARG,2015,0.35,12600,3.05,,
Argentina,ARG,2016,0.36,12220,2.6,5.792796612,
Argentina,ARG,2017,0.36,13140,2.6,6.085560799,
Argentina,ARG,2018,0.36,12430,2.6,5.900567055,
Argentina,ARG,2019,0.36,11260,2.59,5.929299831,
Armenia,ARM,2015,0.13,4010,2.61,6.039330006,
Armenia,ARM,2016,0.13,3760,3.16,5.062448502,
Armenia,ARM,2017,0.13,3950,3.16,5.4880867,
Armenia,ARM,2018,0.13,4240,3.17,,
Armenia,ARM,2019,0.13,4660,3.19,5.282599926,
Australia,AUS,2015,1.11,60490,3.15,4.287736416,
Australia,AUS,2016,1.11,54090,4.83,7.17699337,
Australia,AUS,2017,1.11,51480,4.73,7.233994961,
Australia,AUS,2018,1.12,53070,4.75,7.137367725,
Australia,AUS,2019,1.14,54910,4.83,7.183499813,
Austria,AUT,2015,0.62,47480,4.95,7.25703764,
Austria,AUT,2016,0.61,46240,3.41,7.396001816,
Austria,AUT,2017,0.61,45040,3.41,7.195361137,
Austria,AUT,2018,0.61,49010,3.42,7.213489056,
Austria,AUT,2019,0.62,51010,3.42,7.267799854,
Azerbaijan,AZE,2015,0.15,6610,3.41,7.293727875,
Azerbaijan,AZE,2016,0.15,4790,2.89,5.167995453,
Azerbaijan,AZE,2017,0.15,4110,2.89,5.173389435,
Azerbaijan,AZE,2018,0.15,4080,2.91,,
Azerbaijan,AZE,2019,0.15,4510,2.94,5.170800209,
Bahamas,BHS,2015,0.31,28810,2.89,5.152279377,
Bahamas,BHS,2016,0.31,28930,3.12,,
Bahamas,BHS,2017,0.31,30580,3.12,,
Bahamas,BHS,2018,0.31,31070,3.15,,
Bahamas,BHS,2019,0.31,32420,3.21,,
Bahrain,BHR,2015,0.29,22580,3.12,,
Bahrain,BHR,2016,0.3,21570,4.72,,
Bahrain,BHR,2017,0.3,21250,4.71,7.098012447,
Bahrain,BHR,2018,0.3,22000,4.72,6.173175812,
Bahrain,BHR,2019,0.3,22230,4.72,6.646900177,
Bangladesh,BGD,2015,0.11,1220,4.73,6.227320671,
Bangladesh,BGD,2016,0.11,1430,4.73,4.499217033,
Bangladesh,BGD,2017,0.12,1670,4.73,5.114216805,
Bangladesh,BGD,2018,0.12,2040,4.74,5.279986858,
Bangladesh,BGD,2019,0.12,2250,4.75,5.024600029,
Barbados,BRB,2015,0.25,15760,4.72,4.309771061,
Barbados,BRB,2016,0.25,15940,3.27,,
Barbados,BRB,2017,0.25,16090,3.27,,
Barbados,BRB,2018,0.25,16610,3.29,,
Barbados,BRB,2019,0.25,17130,3.34,,
Belarus,BLR,2015,0.14,6750,3.27,,
Belarus,BLR,2016,0.14,5640,4.2,5.233769894,
Belarus,BLR,2017,0.14,5320,4.2,5.821453094,
Belarus,BLR,2018,0.14,5730,4.18,,
Belarus,BLR,2019,0.14,6370,4.13,5.533500195,
Belgium,BEL,2015,0.47,45570,4.2,5.552915096,
Belgium,BEL,2016,0.47,43400,3.9,6.89217186,
Belgium,BEL,2017,0.48,42520,3.89,6.772138119,
Belgium,BEL,2018,0.48,46070,3.89,6.838760853,
Belgium,BEL,2019,0.48,48050,3.9,6.834000111,
Belize,BLZ,2015,0.2,4440,3.9,6.928347588,
Belize,BLZ,2016,0.2,4370,3.43,,
Belize,BLZ,2017,0.2,4430,3.43,,
Belize,BLZ,2018,0.21,4560,3.44,,
Belize,BLZ,2019,0.2,4610,3.46,,
Benin,BEN,2015,0.1,1180,3.42,,
Benin,BEN,2016,0.1,1110,4.51,5.81982708,
Benin,BEN,2017,0.1,1090,4.52,4.976360798,
Benin,BEN,2018,0.1,1200,4.52,4.407745838,
Benin,BEN,2019,0.1,1250,4.54,5.045199871,
Bermuda,BMU,2015,0.38,101120,4.51,4.853180885,
Bermuda,BMU,2016,0.39,103620,3.35,,
Bermuda,BMU,2017,0.39,112940,3.35,,
Bermuda,BMU,2018,0.39,117000,3.35,,
Bermuda,BMU,2019,0.39,117290,3.37,,
Bhutan,BTN,2015,0.14,2520,3.36,,
Bhutan,BTN,2016,0.14,2650,4.09,,
Bhutan,BTN,2017,0.14,2800,4.09,,
Bhutan,BTN,2018,0.15,2970,4.11,,
Bhutan,BTN,2019,0.15,3150,4.16,,
Bolivia,BOL,2015,0.24,2960,4.1,,
Bolivia,BOL,2016,0.24,3040,3.57,5.915734291,
Bolivia,BOL,2017,0.24,3090,3.57,5.67427063,
Bolivia,BOL,2018,0.24,3370,3.57,5.559258938,
Bolivia,BOL,2019,0.25,3520,3.55,5.715899944,
Bosnia and Herzegovina,BIH,2015,0.14,5210,3.57,5.65055275,
Bosnia and Herzegovina,BIH,2016,0.14,5130,2.91,5.887401104,
Bosnia and Herzegovina,BIH,2017,0.14,5120,2.91,6.01552248,
Bosnia and Herzegovina,BIH,2018,0.14,5750,2.93,5.515816212,
Bosnia and Herzegovina,BIH,2019,0.15,6170,2.95,5.813099861,
Botswana,BWA,2015,0.18,6430,2.91,5.089902401,
Botswana,BWA,2016,0.18,6280,4.43,3.4613657,
Botswana,BWA,2017,0.18,6380,4.43,3.471084833,
Botswana,BWA,2018,0.19,6780,4.44,,
Botswana,BWA,2019,0.19,7170,4.46,3.466500044,
Brazil,BRA,2015,0.24,10170,4.43,3.504881144,
Brazil,BRA,2016,0.24,8910,4.01,6.190921783,
Brazil,BRA,2017,0.24,8680,3.99,6.451148987,
Brazil,BRA,2018,0.24,9140,3.99,6.109717846,
Brazil,BRA,2019,0.24,9220,3.99,6.33010006,
Brunei,BRN,2015,0.47,38850,4.03,6.332929134,
Brunei,BRN,2016,0.46,33170,1.68,,
Brunei,BRN,2017,0.46,29800,1.68,,
Brunei,BRN,2018,0.46,29390,1.7,,
Brunei,BRN,2019,0.46,32230,1.74,,
Bulgaria,BGR,2015,0.16,7430,1.68,,
Bulgaria,BGR,2016,0.16,7400,2.86,5.098813534,
Bulgaria,BGR,2017,0.16,7610,2.87,5.108438015,
Bulgaria,BGR,2018,0.17,8530,2.88,5.597723007,
Bulgaria,BGR,2019,0.17,9500,2.88,5.265500069,
Burkina Faso,BFA,2015,0.09,700,2.86,5.096901894,
Burkina Faso,BFA,2016,0.09,680,4.6,4.92723608,
Burkina Faso,BFA,2017,0.09,670,4.6,4.740892887,
Burkina Faso,BFA,2018,0.09,750,4.54,,
Burkina Faso,BFA,2019,0.09,770,4.43,4.833799839,
Burundi,BDI,2015,0.07,260,4.59,4.646891117,
Burundi,BDI,2016,0.07,260,4.79,3.775283098,
Burundi,BDI,2017,0.07,260,4.79,,
Burundi,BDI,2018,0.07,250,4.79,,
Burundi,BDI,2019,0.07,240,4.79,3.775300026,
Cambodia,KHM,2015,0.08,1060,4.79,,
Cambodia,KHM,2016,0.08,1140,3.04,5.121837616,
Cambodia,KHM,2017,0.08,1230,3.05,4.998284817,
Cambodia,KHM,2018,0.09,1380,3.04,4.376985073,
Cambodia,KHM,2019,0.09,1530,3.04,4.83039999,
Cameroon,CMR,2015,0.11,1500,3.04,4.585842133,
Cameroon,CMR,2016,0.11,1440,4.71,5.250737667,
Cameroon,CMR,2017,0.11,1390,4.71,4.936737537,
Cameroon,CMR,2018,0.11,1490,4.71,5.2410779,
Cameroon,CMR,2019,0.11,1540,4.73,5.141799927,
Canada,CAN,2015,0.47,47590,4.71,5.07405138,
Canada,CAN,2016,0.47,43890,3.59,7.175496578,
Canada,CAN,2017,0.47,42900,3.59,7.1090765,
Canada,CAN,2018,0.47,45080,3.61,7.024904728,
Canada,CAN,2019,0.47,46540,3.64,7.103300095,
Cape Verde,CPV,2016,0.14,,5.11,,
Cape Verde,CPV,2017,0.14,1390,5.11,,
Cape Verde,CPV,2018,0.14,,5.09,,
Cape Verde,CPV,2019,0.14,,5.07,,
Central African Republic,CAF,2015,0.07,400,3.6,7.414868355,
Central African Republic,CAF,2016,0.07,410,5.99,,
Central African Republic,CAF,2017,0.07,440,5.98,,
Central African Republic,CAF,2018,0.07,490,5.98,,
Central African Republic,CAF,2019,0.07,520,5.99,,
Chad,TCD,2015,0.1,880,5.99,3.475862026,
Chad,TCD,2016,0.1,730,5.22,4.486325264,
Chad,TCD,2017,0.1,640,5.21,4.250799179,
Chad,TCD,2018,0.1,680,5.21,,
Chad,TCD,2019,0.1,700,5.22,4.355400085,
Chile,CHL,2015,0.38,14130,5.22,4.558937073,
Chile,CHL,2016,0.39,13340,4.02,6.436220646,
Chile,CHL,2017,0.39,13260,4.02,5.942250252,
Chile,CHL,2018,0.39,14580,4,6.150642872,
Chile,CHL,2019,0.39,14900,3.95,6.171899796,
China,CHN,2015,0.11,7890,4.03,6.320119381,
China,CHN,2016,0.11,8210,2.94,5.131433964,
China,CHN,2017,0.12,8670,2.93,5.144120216,
China,CHN,2018,0.12,9540,2.93,5.771064758,
China,CHN,2019,0.12,10310,2.92,5.339099884,
Colombia,COL,2015,0.22,7330,2.94,5.099061489,
Colombia,COL,2016,0.23,6460,2.31,5.983512402,
Colombia,COL,2017,0.23,5940,2.33,6.350297928,
Colombia,COL,2018,0.23,6270,2.34,5.70917511,
Colombia,COL,2019,0.23,6570,2.35,6.01240015,
Comoros,COM,2015,0.09,1380,2.29,6.157341957,
Comoros,COM,2016,0.09,1320,4.38,3.972819567,
Comoros,COM,2017,0.09,1280,4.39,4.608616352,
Comoros,COM,2018,0.09,1370,4.4,,
Comoros,COM,2019,0.09,1380,4.42,4.288599968,
Congo,COG,2016,0.13,470,5.62,5.490214348,
Congo,COG,2017,0.13,460,5.62,5.212622643,
Congo,COG,2018,0.13,500,5.63,,
Congo,COG,2019,0.13,530,5.64,5.341700077,
Cook Islands,COK,2016,0.16,470,3.33,,
Cook Islands,COK,2017,0.16,460,3.33,,
Cook Islands,COK,2018,0.16,,3.33,,
Cook Islands,COK,2019,0.17,,3.33,,
Congo,COD,2015,0.07,460,4.37,,
Costa Rica,CRI,2017,0.25,11500,3.41,6.997618675,
Costa Rica,CRI,2018,0.25,11970,3.42,,
Costa Rica,CRI,2019,0.25,12120,3.42,7.069399834,
Costa Rica,CRI,2015,0.24,10700,5.63,4.883991241,
Costa Rica,CRI,2016,0.24,11100,3.41,7.141074657,
Cote d'Ivoire,CIV,2017,0.11,2030,3.99,5.392012119,
Cote d'Ivoire,CIV,2018,0.11,2180,4,5.256503582,
Cote d'Ivoire,CIV,2019,0.12,2290,4.01,5.306000233,
Cote d'Ivoire,CIV,2015,0.11,2050,3.41,7.22518158,
Cote d'Ivoire,CIV,2016,0.11,2050,3.99,5.26837492,
Croatia,HRV,2017,0.18,12980,3.24,5.625743866,
Croatia,HRV,2018,0.18,14410,3.24,6.507992268,
Croatia,HRV,2019,0.18,15540,3.24,5.881700039,
Croatia,HRV,2015,0.18,13270,3.98,5.037734985,
Croatia,HRV,2016,0.18,12680,3.23,5.536271095,
Cuba,CUB,2017,0.2,7950,3.97,,
Cuba,CUB,2018,0.2,8630,3.99,,
Cuba,CUB,2019,0.2,,4.02,,
Cuba,CUB,2015,0.2,7230,3.22,5.343165874,
Cuba,CUB,2016,0.2,7480,3.98,,
Cyprus,CYP,2017,0.44,24960,3.27,6.136832714,
Cyprus,CYP,2018,0.44,27330,3.3,6.259810448,
Cyprus,CYP,2019,0.44,28600,3.38,6.223499775,
Cyprus,CYP,2015,0.43,26010,3.98,,
Cyprus,CYP,2016,0.44,24720,3.27,6.276443005,
Czechia,CZE,2017,0.2,18310,3.11,,
Czechia,CZE,2018,0.21,20560,3.11,6.897091389,
Czechia,CZE,2019,0.21,22110,3.11,6.964700222,
Czechia,CZE,2015,0.2,18370,3.28,6.062051296,
Czechia,CZE,2016,0.2,17670,3.11,7.034165382,
Democratic Republic of Congo,COD,2017,0.07,56690,,,
Democratic Republic of Congo,COD,2018,0.07,,5.48,,
Democratic Republic of Congo,COD,2019,0.08,,5.5,,
Denmark,DNK,2015,0.51,60510,3.11,6.789567947,
Denmark,DNK,2016,0.52,58040,3.89,7.648785591,
Denmark,DNK,2017,0.52,56690,3.87,7.693003178,
Denmark,DNK,2018,0.52,61260,3.86,7.514631271,
Denmark,DNK,2019,0.52,63460,3.85,7.61950016,
Djibouti,DJI,2015,0.11,2540,3.9,7.593702316,
Djibouti,DJI,2016,0.11,2640,4.61,,
Djibouti,DJI,2017,0.11,2730,4.62,,
Djibouti,DJI,2018,0.11,2910,4.63,,
Djibouti,DJI,2019,0.11,3110,4.64,,
Dominica,DMA,2015,0.22,6920,4.59,,
Dominica,DMA,2016,0.22,7270,3.15,,
Dominica,DMA,2017,0.22,7270,3.15,,
Dominica,DMA,2018,0.22,7800,3.18,,
Dominica,DMA,2019,0.22,8210,3.24,,
Dominican Republic,DOM,2015,0.23,6580,3.14,,
Dominican Republic,DOM,2016,0.23,6860,3.96,5.433215618,
Dominican Republic,DOM,2017,0.23,7090,3.96,6.004237175,
Dominican Republic,DOM,2018,0.24,7780,3.97,5.168409824,
Dominican Republic,DOM,2019,0.24,8100,4,5.545100212,
Ecuador,ECU,2015,0.29,5970,3.96,5.605202675,
Ecuador,ECU,2016,0.3,5800,3.52,6.128010273,
Ecuador,ECU,2017,0.3,5860,3.52,5.809131145,
Ecuador,ECU,2018,0.3,6090,3.52,5.35446167,
Ecuador,ECU,2019,0.3,6090,3.51,5.763999939,
Egypt,EGY,2015,0.2,3340,3.52,5.839518547,
Egypt,EGY,2016,0.2,3440,4.09,4.005450726,
Egypt,EGY,2017,0.21,3030,4.09,4.327831745,
Egypt,EGY,2018,0.21,2790,4.11,4.472396851,
Egypt,EGY,2019,0.21,2690,4.13,4.282700062,
El Salvador,SLV,2015,0.2,3440,4.09,3.929344177,
El Salvador,SLV,2016,0.2,3510,3.6,6.241199493,
El Salvador,SLV,2017,0.21,3600,3.61,6.454820633,
El Salvador,SLV,2018,0.21,3820,3.61,5.461926937,
El Salvador,SLV,2019,0.21,3980,3.6,6.060500145,
England,,2016,0.46,8270,4.55,,
England,,2017,0.47,6510,4.52,,
England,,2018,0.47,,4.52,,
England,,2019,0.47,,4.52,,
Equatorial Guinea,GNQ,2015,0.23,10850,3.6,6.339318275,
Equatorial Guinea,GNQ,2016,0.23,8270,5.84,,
Equatorial Guinea,GNQ,2017,0.23,6510,5.82,,
Equatorial Guinea,GNQ,2018,0.22,6730,5.83,,
Equatorial Guinea,GNQ,2019,0.22,6320,5.86,,
Eritrea,ERI,2015,0.09,,5.86,,
Eritrea,ERI,2016,0.09,,4.98,,
Eritrea,ERI,2017,0.09,,4.98,,
Eritrea,ERI,2018,0.09,,4.98,,
Eritrea,ERI,2019,0.09,,4.99,,
Estonia,EST,2015,0.18,18570,4.97,,
Estonia,EST,2016,0.18,18290,3.98,6.091302395,
Estonia,EST,2017,0.19,18760,3.97,6.034641266,
Estonia,EST,2018,0.19,21200,3.98,6.452563763,
Estonia,EST,2019,0.19,23050,3.99,6.188799858,
Eswatini,SWZ,2015,0.15,3800,3.98,5.938395977,
Eswatini,SWZ,2016,0.16,3450,4.59,4.211565018,
Eswatini,SWZ,2017,0.16,3390,4.6,4.396114826,
Eswatini,SWZ,2018,0.16,3620,4.6,,
Eswatini,SWZ,2019,0.16,3710,4.59,4.308100224,
Ethiopia,ETH,2015,0.08,600,4.59,,
Ethiopia,ETH,2016,0.08,670,4.7,4.379262447,
Ethiopia,ETH,2017,0.08,740,4.71,4.099555016,
Ethiopia,ETH,2018,0.09,800,4.73,4.549219608,
Ethiopia,ETH,2019,0.09,850,4.74,4.274700165,
Fiji,FJI,2015,0.11,5100,4.69,4.180315495,
Fiji,FJI,2016,0.11,5280,3.01,,
Fiji,FJI,2017,0.11,5370,3.01,,
Fiji,FJI,2018,0.11,5910,3.02,,
Fiji,FJI,2019,0.11,5800,3.03,,
Finland,FIN,2015,0.52,47180,3.01,,
Finland,FIN,2016,0.52,45530,4.49,7.85810709,
Finland,FIN,2017,0.52,44840,4.44,7.780347824,
Finland,FIN,2018,0.53,48220,4.48,7.889349937,
Finland,FIN,2019,0.53,49940,4.55,7.842100143,
France,FRA,2015,0.51,41130,4.54,7.788251877,
France,FRA,2016,0.51,39100,4.21,6.665903568,
France,FRA,2017,0.51,38320,4.22,6.689644337,
France,FRA,2018,0.51,41200,4.22,6.714111805,
France,FRA,2019,0.52,42550,4.23,6.689899921,
Gabon,GAB,2015,0.18,7970,4.21,6.635222435,
Gabon,GAB,2016,0.18,7080,5.65,4.783009052,
Gabon,GAB,2017,0.18,6510,5.65,4.914393425,
Gabon,GAB,2018,0.19,6830,5.65,,
Gabon,GAB,2019,0.19,7170,5.65,4.851799965,
Gambia,GMB,2015,0.09,620,5.65,4.782382965,
Gambia,GMB,2016,0.09,620,5.61,4.922099113,
Gambia,GMB,2017,0.09,660,5.61,5.163627148,
Gambia,GMB,2018,0.1,720,5.63,,
Gambia,GMB,2019,0.1,750,5.66,5.051000118,
Georgia,GEO,2015,0.13,4410,5.6,4.117938995,
Georgia,GEO,2016,0.13,4080,3.49,4.659097195,
Georgia,GEO,2017,0.13,4040,3.49,4.89183569,
Georgia,GEO,2018,0.13,4460,3.51,5.123143196,
Georgia,GEO,2019,0.14,4690,3.54,4.89139986,
Germany,DEU,2015,0.46,45780,3.49,4.45077467,
Germany,DEU,2016,0.46,44280,3.84,7.118364334,
Germany,DEU,2017,0.46,43760,3.8,7.035472393,
Germany,DEU,2018,0.47,47470,3.76,7.311897755,
Germany,DEU,2019,0.47,49190,3.7,7.154500008,
Ghana,GHA,2015,0.11,1940,3.86,7.074324608,
Ghana,GHA,2016,0.12,1810,4.44,5.003693104,
Ghana,GHA,2017,0.12,1880,4.45,4.96680975,
Ghana,GHA,2018,0.12,2120,4.46,5.31948328,
Ghana,GHA,2019,0.12,2230,4.46,5.088399887,
Greece,GRC,2015,0.48,20190,4.43,5.481310844,
Greece,GRC,2016,0.48,18640,5.27,5.40928936,
Greece,GRC,2017,0.48,17960,5.33,5.952157497,
Greece,GRC,2018,0.48,19080,5.41,5.787615776,
Greece,GRC,2019,0.47,19670,5.5,5.722599983,
Greenland,GRL,2015,0.53,,5.25,5.14824152,
Greenland,GRL,2016,0.54,,6.57,,
Greenland,GRL,2017,0.54,,6.59,,
Greenland,GRL,2018,0.54,,6.52,,
Greenland,GRL,2019,0.55,,6.36,,
Grenada,GRD,2015,0.22,7750,6.56,,
Grenada,GRD,2016,0.23,8350,3.35,,
Grenada,GRD,2017,0.23,8740,3.35,,
Grenada,GRD,2018,0.23,9610,3.36,,
Grenada,GRD,2019,0.23,9750,3.38,,
Guam,GUM,2015,0.19,,3.35,,
Guam,GUM,2016,0.19,,3.36,,
Guam,GUM,2017,0.19,,3.36,,
Guam,GUM,2018,0.19,,3.36,,
Guam,GUM,2019,0.19,,3.36,,
Guatemala,GTM,2015,0.19,3700,3.36,,
Guatemala,GTM,2016,0.19,3870,3.86,6.626591682,
Guatemala,GTM,2017,0.19,4100,3.87,6.262175083,
Guatemala,GTM,2018,0.19,4400,3.86,,
Guatemala,GTM,2019,0.2,4610,3.84,6.434500217,
Guinea,GIN,2015,0.09,760,3.85,6.325118542,
Guinea,GIN,2016,0.09,780,4.43,5.25222683,
Guinea,GIN,2017,0.09,820,4.43,4.76768446,
Guinea,GIN,2018,0.09,860,4.44,,
Guinea,GIN,2019,0.09,950,4.44,4.984300137,
Guinea-Bissau,GNB,2015,0.09,640,4.43,4.873722553,
Guinea-Bissau,GNB,2016,0.09,650,4.56,,
Guinea-Bissau,GNB,2017,0.09,680,4.57,,
Guinea-Bissau,GNB,2018,0.09,720,4.57,,
Guinea-Bissau,GNB,2019,0.09,800,4.58,,
Guyana,GUY,2015,0.19,5470,4.56,,
Guyana,GUY,2016,0.19,5600,5.18,,
Guyana,GUY,2017,0.19,5910,5.18,,
Guyana,GUY,2018,0.19,6290,5.15,,
Guyana,GUY,2019,0.19,6630,5.1,,
Haiti,HTI,2015,0.12,1410,5.18,,
Haiti,HTI,2016,0.12,1360,3.7,3.614928007,
Haiti,HTI,2017,0.12,1340,3.7,,
Haiti,HTI,2018,0.12,1410,3.71,,
Haiti,HTI,2019,0.12,1390,3.72,3.614900112,
Honduras,HND,2015,0.17,2060,3.69,3.823865652,
Honduras,HND,2016,0.17,2120,3.3,5.908423901,
Honduras,HND,2017,0.17,2250,3.3,5.930051327,
Honduras,HND,2018,0.17,2330,3.3,,
Honduras,HND,2019,0.17,2390,3.29,5.919199944,
Hungary,HUN,2015,0.19,13230,3.29,6.019985676,
Hungary,HUN,2016,0.19,13100,3.05,5.935770988,
Hungary,HUN,2017,0.19,13190,3.06,6.000259876,
Hungary,HUN,2018,0.2,14980,3.05,6.038049698,
Hungary,HUN,2019,0.2,16520,3.04,5.991600037,
Iceland,ISL,2015,0.48,49940,3.04,6.065038681,
Iceland,ISL,2016,0.49,54910,3.19,,
Iceland,ISL,2017,0.49,60230,3.19,7.532504559,
Iceland,ISL,2018,0.5,67760,3.2,7.575489521,
Iceland,ISL,2019,0.5,72900,3.22,7.553899765,
India,IND,2015,0.12,1600,3.2,7.476213932,
India,IND,2016,0.13,1680,3.8,3.818068743,
India,IND,2017,0.13,1820,3.8,3.24876976,
India,IND,2018,0.13,2010,3.78,4.225281239,
India,IND,2019,0.13,2100,3.75,3.818900108,
Indonesia,IDN,2015,0.11,3430,3.81,4.046111107,
Indonesia,IDN,2016,0.11,3400,2.47,5.340295792,
Indonesia,IDN,2017,0.11,3530,2.47,5.346512794,
Indonesia,IDN,2018,0.11,3840,2.48,,
Indonesia,IDN,2019,0.12,4050,2.52,5.344500065,
Iran,IRN,2015,0.26,5710,2.48,5.098401546,
Iran,IRN,2016,0.26,5730,5.24,4.278117657,
Iran,IRN,2017,0.26,5750,5.23,5.006145954,
Iran,IRN,2018,0.27,5110,5.18,4.864528179,
Iran,IRN,2019,0.27,4260,5.1,4.721199989,
Iraq,IRQ,2015,0.21,5800,5.23,4.716783047,
Iraq,IRQ,2016,0.21,5340,4.14,4.8864007,
Iraq,IRQ,2017,0.22,4640,4.14,,
Iraq,IRQ,2018,0.22,5040,4.14,4.78516531,
Iraq,IRQ,2019,0.22,5780,4.13,4.854100227,
Ireland,IRL,2015,0.46,50390,4.14,4.462399006,
Ireland,IRL,2016,0.48,51810,4.55,6.962335587,
Ireland,IRL,2017,0.49,53350,4.68,7.254841328,
Ireland,IRL,2018,0.5,59350,4.68,7.034930706,
Ireland,IRL,2019,0.5,63300,4.65,7.085299969,
Israel,ISR,2015,0.4,36200,4.42,7.060155392,
Israel,ISR,2016,0.41,36540,4.45,6.92717886,
Israel,ISR,2017,0.41,37970,4.45,7.331779957,
Israel,ISR,2018,0.42,41320,4.45,7.194928169,
Israel,ISR,2019,0.42,43540,4.47,7.157100201,
Italy,ITA,2015,0.58,33000,4.47,7.331036091,
Italy,ITA,2016,0.58,31970,3.79,6.516526699,
Italy,ITA,2017,0.59,31380,3.78,6.445416927,
Italy,ITA,2018,0.59,33850,3.79,6.488356113,
Italy,ITA,2019,0.59,34940,3.83,6.483099937,
Jamaica,JAM,2015,0.2,4700,3.8,6.198870182,
Jamaica,JAM,2016,0.2,4600,3.09,,
Jamaica,JAM,2017,0.2,4750,3.09,6.309238911,
Jamaica,JAM,2018,0.2,5010,3.13,,
Jamaica,JAM,2019,0.2,5250,3.2,6.30919981,
Japan,JPN,2015,0.42,39380,3.09,5.889759064,
Japan,JPN,2016,0.42,38460,2.3,5.793575287,
Japan,JPN,2017,0.42,38930,2.3,5.908039093,
Japan,JPN,2018,0.42,41770,2.3,6.117963314,
Japan,JPN,2019,0.42,42010,2.3,5.940499783,
Jordan,JOR,2015,0.2,3950,2.3,5.910676479,
Jordan,JOR,2016,0.2,4000,4.31,4.638933659,
Jordan,JOR,2017,0.2,4080,4.3,4.452548027,
Jordan,JOR,2018,0.2,4270,4.33,4.093991756,
Jordan,JOR,2019,0.21,4410,4.4,4.394599915,
Kazakhstan,KAZ,2015,0.17,11380,4.34,4.808082581,
Kazakhstan,KAZ,2016,0.17,8770,3.69,6.00763607,
Kazakhstan,KAZ,2017,0.17,8040,3.69,6.272268295,
Kazakhstan,KAZ,2018,0.17,8070,3.69,6.168269157,
Kazakhstan,KAZ,2019,0.17,8820,3.67,6.151800156,
Kenya,KEN,2015,0.1,1300,3.69,5.882351398,
Kenya,KEN,2016,0.11,1460,4.85,4.655702591,
Kenya,KEN,2017,0.11,1510,4.85,4.618850231,
Kenya,KEN,2018,0.11,1680,4.85,4.546584129,
Kenya,KEN,2019,0.11,1830,4.86,4.606599808,
Kiribati,KIR,2015,0.07,3450,4.86,4.475654125,
Kiribati,KIR,2016,0.07,2800,3.05,,
Kiribati,KIR,2017,0.07,2930,3.05,,
Kiribati,KIR,2018,0.07,3170,3.05,,
Kiribati,KIR,2019,0.07,3440,3.06,,
Kuwait,KWT,2015,0.38,41820,3.05,,
Kuwait,KWT,2016,0.37,35330,4.28,,
Kuwait,KWT,2017,0.37,31400,4.28,6.106119633,
Kuwait,KWT,2018,0.37,33710,4.31,,
Kuwait,KWT,2019,0.37,36200,4.35,6.106100082,
Kyrgyzstan,KGZ,2015,0.1,1180,4.28,6.093905449,
Kyrgyzstan,KGZ,2016,0.1,1110,3.59,5.297383308,
Kyrgyzstan,KGZ,2017,0.1,1110,3.59,5.685220718,
Kyrgyzstan,KGZ,2018,0.1,1220,3.59,6.249586105,
Kyrgyzstan,KGZ,2019,0.1,1240,3.58,5.743599892,
Laos,LAO,2015,0.09,1980,3.6,5.629536629,
Laos,LAO,2016,0.1,2130,2.84,4.85940218,
Laos,LAO,2017,0.1,2260,2.84,5.196856022,
Laos,LAO,2018,0.1,2490,2.85,5.284390926,
Laos,LAO,2019,0.1,2540,2.85,5.03000021,
Latvia,LVA,2015,0.17,15110,2.84,4.623140812,
Latvia,LVA,2016,0.17,14800,4.02,5.901154041,
Latvia,LVA,2017,0.18,14870,4.02,5.969753742,
Latvia,LVA,2018,0.18,16550,4.03,6.229008675,
Latvia,LVA,2019,0.18,17810,4.05,6.032000065,
Lebanon,LBN,2015,0.24,7290,4.02,5.977817535,
Lebanon,LBN,2016,0.24,7220,5.29,5.167186737,
Lebanon,LBN,2017,0.24,7460,5.25,4.024219513,
Lebanon,LBN,2018,0.24,7590,5.14,,
Lebanon,LBN,2019,0.24,7280,4.94,4.583799839,
Lesotho,LSO,2015,0.11,1310,5.31,5.153989792,
Lesotho,LSO,2016,0.11,1270,5.69,,
Lesotho,LSO,2017,0.11,1190,5.69,3.5117805,
Lesotho,LSO,2018,0.11,1230,5.71,,
Lesotho,LSO,2019,0.11,1330,5.74,3.511800051,
Liberia,LBR,2015,0.08,650,5.68,3.795300722,
Liberia,LBR,2016,0.08,640,4.9,4.134852886,
Liberia,LBR,2017,0.08,640,4.9,5.121460915,
Liberia,LBR,2018,0.08,630,4.81,,
Liberia,LBR,2019,0.08,610,4.61,4.625199795,
Libya,LBY,2015,0.23,8380,4.9,4.424490929,
Libya,LBY,2016,0.22,7730,4.56,5.493977547,
Libya,LBY,2017,0.22,9900,4.55,5.33022213,
Libya,LBY,2018,0.21,11180,4.57,,
Libya,LBY,2019,0.21,10200,4.6,5.410299778,
Lithuania,LTU,2015,0.18,15190,4.57,5.646852493,
Lithuania,LTU,2016,0.18,14890,4.3,6.308878899,
Lithuania,LTU,2017,0.18,15280,4.31,6.064097881,
Lithuania,LTU,2018,0.18,17470,4.31,6.39137888,
Lithuania,LTU,2019,0.19,19060,4.29,6.255400181,
Luxembourg,LUX,2015,0.62,73530,4.29,6.272940636,
Luxembourg,LUX,2016,0.62,73730,3.54,7.242630959,
Luxembourg,LUX,2017,0.62,75800,3.54,7.404015541,
Luxembourg,LUX,2018,0.62,79540,3.54,,
Luxembourg,LUX,2019,0.63,77110,3.54,7.324399948,
Madagascar,MDG,2015,0.09,490,3.54,7.061380863,
Madagascar,MDG,2016,0.09,470,4.83,4.070586681,
Madagascar,MDG,2017,0.09,470,4.84,4.339087486,
Madagascar,MDG,2018,0.09,500,4.85,,
Madagascar,MDG,2019,0.09,520,4.87,4.208499908,
Malawi,MWI,2015,0.08,350,4.82,4.078620434,
Malawi,MWI,2016,0.08,340,4.21,3.334633589,
Malawi,MWI,2017,0.08,380,4.22,3.869123697,
Malawi,MWI,2018,0.08,440,4.22,,
Malawi,MWI,2019,0.08,560,4.22,3.599999905,
Malaysia,MYS,2015,0.15,10680,4.21,3.416862965,
Malaysia,MYS,2016,0.15,10150,3.85,5.338817596,
Malaysia,MYS,2017,0.16,9950,3.85,5.427954197,
Malaysia,MYS,2018,0.16,10650,3.86,,
Malaysia,MYS,2019,0.16,11260,3.89,5.384300232,
Maldives,MDV,2015,0.12,7650,3.85,,
Maldives,MDV,2016,0.12,8070,3.07,5.197574615,
Maldives,MDV,2017,0.13,8600,3.06,,
Maldives,MDV,2018,0.13,9210,3.05,,
Maldives,MDV,2019,0.13,9640,3.05,5.197599888,
Mali,MLI,2015,0.09,800,3.08,,
Mali,MLI,2016,0.09,780,3.55,4.415729523,
Mali,MLI,2017,0.09,770,3.56,4.98799181,
Mali,MLI,2018,0.09,830,3.58,,
Mali,MLI,2019,0.09,860,3.6,4.723499775,
Malta,MLT,2015,0.44,25230,3.54,4.741850376,
Malta,MLT,2016,0.44,23440,3.33,6.909710884,
Malta,MLT,2017,0.45,24710,3.33,6.73297739,
Malta,MLT,2018,0.46,27950,3.37,6.156822681,
Malta,MLT,2019,0.46,29330,3.44,6.602000237,
Marshall Islands,MHL,2015,0.08,4290,3.34,6.675665855,
Marshall Islands,MHL,2016,0.08,4250,2.98,,
Marshall Islands,MHL,2017,0.08,4440,2.99,,
Marshall Islands,MHL,2018,0.09,4840,2.99,,
Marshall Islands,MHL,2019,0.09,5050,2.99,,
Mauritania,MRT,2015,0.11,1640,2.98,,
Mauritania,MRT,2016,0.12,1510,3.73,4.313615322,
Mauritania,MRT,2017,0.12,1530,3.73,4.152619362,
Mauritania,MRT,2018,0.12,1640,3.74,,
Mauritania,MRT,2019,0.12,1720,3.76,4.227399826,
Mauritius,MUS,2015,0.14,10700,3.72,4.678159714,
Mauritius,MUS,2016,0.14,10640,3.95,5.88174057,
Mauritius,MUS,2017,0.14,10980,3.95,6.241165161,
Mauritius,MUS,2018,0.14,12270,3.95,6.015300274,
Mauritius,MUS,2019,0.14,12840,3.95,6.048999786,
Mexico,MEX,2015,0.25,10160,3.96,6.174117565,
Mexico,MEX,2016,0.25,9390,3.76,6.549578667,
Mexico,MEX,2017,0.26,8920,3.76,6.431945324,
Mexico,MEX,2018,0.26,9180,3.76,5.964221001,
Mexico,MEX,2019,0.26,9470,3.77,6.316800117,
Micronesia (country),FSM,2015,0.08,3490,3.75,6.410299301,
Micronesia (country),FSM,2016,0.08,3410,3.01,,
Micronesia (country),FSM,2017,0.08,3450,3.01,,
Micronesia (country),FSM,2018,0.08,3400,3.01,,
Micronesia (country),FSM,2019,0.08,3940,3.02,,
Moldova,MDA,2015,0.11,3300,3.01,,
Moldova,MDA,2016,0.11,3180,3.46,5.682277203,
Moldova,MDA,2017,0.11,3330,3.46,5.803450584,
Moldova,MDA,2018,0.12,3920,3.46,5.811628819,
Moldova,MDA,2019,0.12,4580,3.45,5.76639986,
Monaco,MCO,2015,0.91,,3.45,5.325530529,
Monaco,MCO,2016,0.93,,4.47,,
Monaco,MCO,2017,0.94,,4.46,,
Monaco,MCO,2018,0.95,,4.46,,
Monaco,MCO,2019,0.96,,4.47,,
Mongolia,MNG,2015,0.13,3800,4.47,,
Mongolia,MNG,2016,0.14,3490,4.25,5.464622974,
Mongolia,MNG,2017,0.14,3240,4.26,5.562905312,
Mongolia,MNG,2018,0.14,3690,4.24,6.011364937,
Mongolia,MNG,2019,0.14,3850,4.2,5.677199841,
Montenegro,MNE,2015,0.16,7260,4.24,5.333850384,
Montenegro,MNE,2016,0.16,7090,3.03,5.650189877,
Montenegro,MNE,2017,0.16,7410,3.04,5.386024952,
Montenegro,MNE,2018,0.16,8450,3.04,5.722162724,
Montenegro,MNE,2019,0.17,9140,3.03,5.580500126,
Morocco,MAR,2015,0.19,3020,3.02,5.614798546,
Morocco,MAR,2016,0.19,2880,5.32,4.896791935,
Morocco,MAR,2017,0.19,2880,5.32,5.056751728,
Morocco,MAR,2018,0.19,3090,5.32,4.80261755,
Morocco,MAR,2019,0.2,3200,5.32,4.918000221,
Mozambique,MOZ,2015,0.08,640,5.33,5.312482834,
Mozambique,MOZ,2016,0.08,530,5.04,4.653713703,
Mozambique,MOZ,2017,0.08,470,5.04,4.932132721,
Mozambique,MOZ,2018,0.08,460,5.06,,
Mozambique,MOZ,2019,0.09,490,5.09,4.794499874,
Myanmar,MMR,2015,0.09,1170,5.04,4.279863358,
Myanmar,MMR,2016,0.09,1200,2.23,4.410633087,
Myanmar,MMR,2017,0.09,1180,2.22,4.43423748,
Myanmar,MMR,2018,0.1,1220,2.24,4.431364059,
Myanmar,MMR,2019,0.1,1270,2.26,4.425799847,
Namibia,NAM,2015,0.16,5310,2.23,4.154341698,
Namibia,NAM,2016,0.16,4740,3.71,4.834087849,
Namibia,NAM,2017,0.16,4620,3.71,4.435811043,
Namibia,NAM,2018,0.17,4920,3.72,4.451010227,
Namibia,NAM,2019,0.17,5170,3.74,4.574100018,
Nauru,NRU,2015,0.11,13690,3.71,4.441306114,
Nauru,NRU,2016,0.11,12720,3.28,,
Nauru,NRU,2017,0.11,12310,3.28,,
Nauru,NRU,2018,0.12,14500,3.28,,
Nauru,NRU,2019,0.12,16230,3.29,,
Nepal,NPL,2015,0.1,890,3.28,,
Nepal,NPL,2016,0.1,880,5,4.910086632,
Nepal,NPL,2017,0.11,990,5.01,5.448724747,
Nepal,NPL,2018,0.11,1120,5.03,,
Nepal,NPL,2019,0.11,1230,5.06,5.268899918,
Netherlands,NLD,2015,0.41,49850,5,4.736692429,
Netherlands,NLD,2016,0.42,46930,3.83,7.463097095,
Netherlands,NLD,2017,0.42,47160,3.88,7.42526865,
Netherlands,NLD,2018,0.42,51320,3.89,7.504447937,
Netherlands,NLD,2019,0.42,53230,3.9,7.464000225,
New Zealand,NZL,2015,0.65,40660,3.79,7.458965302,
New Zealand,NZL,2016,0.66,39440,4.13,7.370285988,
New Zealand,NZL,2017,0.67,38870,4.13,7.205174446,
New Zealand,NZL,2018,0.67,41650,4.13,7.257381916,
New Zealand,NZL,2019,0.67,43050,4.12,7.276599884,
Nicaragua,NIC,2015,0.17,1890,4.13,7.32718277,
Nicaragua,NIC,2016,0.17,1960,3.45,5.81895256,
Nicaragua,NIC,2017,0.17,2030,3.46,6.112545013,
Nicaragua,NIC,2018,0.17,1970,3.46,,
Nicaragua,NIC,2019,0.18,1890,3.45,5.972099781,
Niger,NER,2015,0.08,560,3.45,6.476356506,
Niger,NER,2016,0.08,530,4.26,5.164007187,
Niger,NER,2017,0.08,520,4.27,5.003544331,
Niger,NER,2018,0.08,570,4.28,,
Niger,NER,2019,0.08,590,4.3,5.074100018,
Nigeria,NGA,2015,0.13,2820,4.25,4.615673542,
Nigeria,NGA,2016,0.13,2430,3.86,5.252288342,
Nigeria,NGA,2017,0.13,2090,3.87,4.356419086,
Nigeria,NGA,2018,0.13,1960,3.87,5.502948284,
Nigeria,NGA,2019,0.13,2030,3.87,4.759300232,
Niue,NIU,2015,0.12,,3.86,5.321928024,
Niue,NIU,2016,0.12,,3.3,,
Niue,NIU,2017,0.12,,3.3,,
Niue,NIU,2018,0.12,,3.3,,
Niue,NIU,2019,0.12,,3.3,,
North Korea,PRK,2015,0.07,,3.29,,
North Korea,PRK,2016,0.07,,2.82,,
North Korea,PRK,2017,0.07,,2.82,,
North Korea,PRK,2018,0.07,,2.82,,
North Korea,PRK,2019,0.07,,2.83,,
North Macedonia,MKD,2015,0.15,5130,2.83,,
North Macedonia,MKD,2016,0.15,5000,2.74,5.239834785,
North Macedonia,MKD,2017,0.15,4940,2.74,5.015485287,
North Macedonia,MKD,2018,0.15,5500,2.75,5.053664207,
North Macedonia,MKD,2019,0.15,5890,2.76,5.101200104,
Northern Ireland,,2015,0.44,,4.8,,
Northern Ireland,,2016,0.45,,4.7,,
Northern Ireland,,2017,0.45,,4.61,,
Northern Ireland,,2018,0.45,,4.6,,
Northern Ireland,,2019,0.45,,4.61,,
Northern Mariana Islands,MNP,2015,0.15,,2.9,,
Northern Mariana Islands,MNP,2016,0.15,,2.9,,
Northern Mariana Islands,MNP,2017,0.16,,2.9,,
Northern Mariana Islands,MNP,2018,0.16,,2.91,,
Northern Mariana Islands,MNP,2019,0.16,,2.93,,
Norway,NOR,2015,0.49,92910,3.41,7.578744888,
Norway,NOR,2016,0.5,81370,3.49,7.444262028,
Norway,NOR,2017,0.51,75650,3.55,7.442139626,
Norway,NOR,2018,0.51,80320,3.55,7.290032387,
Norway,NOR,2019,0.51,81670,3.51,7.392499924,
Oman,OMN,2015,0.28,20160,4.07,,
Oman,OMN,2016,0.28,18190,4.05,,
Oman,OMN,2017,0.28,16130,4.05,,
Oman,OMN,2018,0.28,16370,4.08,,
Oman,OMN,2019,0.28,16430,4.13,,
Pakistan,PAK,2015,0.12,1260,3.98,5.830870628,
Pakistan,PAK,2016,0.12,1360,3.97,5.471553802,
Pakistan,PAK,2017,0.12,1490,3.97,4.442717552,
Pakistan,PAK,2018,0.13,1670,4.02,,
Pakistan,PAK,2019,0.13,1620,4.1,4.934000015,
Palau,PLW,2015,0.12,15860,3.26,,
Palau,PLW,2016,0.12,16720,3.25,,
Palau,PLW,2017,0.13,16540,3.25,,
Palau,PLW,2018,0.13,17380,3.25,,
Palau,PLW,2019,0.13,16710,3.25,,
Palestine,PSE,2015,0.16,,6.89,4.62813282,
Palestine,PSE,2016,0.17,,6.69,4.5539217,
Palestine,PSE,2017,0.17,,6.54,4.48253727,
Palestine,PSE,2018,0.17,,6.53,,
Palestine,PSE,2019,0.17,,6.54,4.516699791,
Panama,PAN,2015,0.29,12200,3.11,6.567658901,
Panama,PAN,2016,0.29,12780,3.12,6.281434059,
Panama,PAN,2017,0.29,13750,3.12,6.085955143,
Panama,PAN,2018,0.3,14490,3.12,,
Panama,PAN,2019,0.3,14920,3.12,6.179599762,
Papua New Guinea,PNG,2015,0.08,2860,3.14,,
Papua New Guinea,PNG,2016,0.08,2710,3.14,,
Papua New Guinea,PNG,2017,0.08,2590,3.14,,
Papua New Guinea,PNG,2018,0.08,2600,3.14,,
Papua New Guinea,PNG,2019,0.08,2720,3.14,,
Paraguay,PRY,2015,0.22,5640,3.91,5.71329546,
Paraguay,PRY,2016,0.22,5420,3.91,,
Paraguay,PRY,2017,0.22,5370,3.91,5.652625561,
Paraguay,PRY,2018,0.23,5600,3.91,,
Paraguay,PRY,2019,0.23,5510,3.9,5.652599812,
Peru,PER,2015,0.3,6340,2.31,5.710936546,
Peru,PER,2016,0.3,6110,2.31,5.679661274,
Peru,PER,2017,0.31,6060,2.32,5.999381542,
Peru,PER,2018,0.31,6480,2.32,,
Peru,PER,2019,0.31,6840,2.33,5.839600086,
Philippines,PHL,2015,0.1,3380,2.85,5.594270229,
Philippines,PHL,2016,0.1,3450,2.86,5.869172573,
Philippines,PHL,2017,0.11,3530,2.86,6.267745018,
Philippines,PHL,2018,0.11,3710,2.87,5.079585075,
Philippines,PHL,2019,0.11,3850,2.89,5.880199909,
Poland,POL,2015,0.19,13310,2.29,6.201268196,
Poland,POL,2016,0.2,12720,2.29,6.111485004,
Poland,POL,2017,0.2,12730,2.3,6.24209404,
Poland,POL,2018,0.2,14150,2.36,6.139455318,
Poland,POL,2019,0.2,15360,2.48,6.166100025,
Portugal,PRT,2015,0.45,20460,4.71,5.711499214,
Portugal,PRT,2016,0.46,19940,4.76,5.919822693,
Portugal,PRT,2017,0.46,20060,4.81,6.095473289,
Portugal,PRT,2018,0.46,22060,4.81,5.767792225,
Portugal,PRT,2019,0.46,23200,4.81,5.928999901,
Puerto Rico,PRI,2015,0.33,19420,2.98,,
Puerto Rico,PRI,2016,0.33,19710,2.98,,
Puerto Rico,PRI,2017,0.33,20000,2.99,,
Puerto Rico,PRI,2018,0.33,21080,3.01,,
Puerto Rico,PRI,2019,0.33,22060,3.04,,
Qatar,QAT,2015,0.36,73440,4.15,,
Qatar,QAT,2016,0.37,64550,4.15,,
Qatar,QAT,2017,0.37,56920,4.15,,
Qatar,QAT,2018,0.37,58830,4.17,,
Qatar,QAT,2019,0.37,61180,4.21,,
Romania,ROU,2015,0.16,9600,2.83,6.089904785,
Romania,ROU,2016,0.17,9620,2.83,6.150878906,
Romania,ROU,2017,0.17,10110,2.83,6.129942417,
Romania,ROU,2018,0.17,11430,2.83,,
Romania,ROU,2019,0.17,12620,2.83,6.139999866,
Russia,RUS,2015,0.17,11780,3.36,5.578742981,
Russia,RUS,2016,0.17,9730,3.36,5.513500214,
Russia,RUS,2017,0.17,9210,3.36,5.440523624,
Russia,RUS,2018,0.17,10250,3.35,5.495288849,
Russia,RUS,2019,0.17,11280,3.32,5.477200031,
Rwanda,RWA,2015,0.09,750,5.19,3.10837388,
Rwanda,RWA,2016,0.09,740,5.2,3.5610466,
Rwanda,RWA,2017,0.09,730,5.22,3.268152237,
Rwanda,RWA,2018,0.1,780,5.23,,
Rwanda,RWA,2019,0.1,830,5.25,3.414700031,
Saint Kitts and Nevis,KNA,2015,0.3,,4.13,,
Saint Kitts and Nevis,KNA,2016,0.3,,4.13,,
Saint Kitts and Nevis,KNA,2017,0.3,,4.13,,
Saint Kitts and Nevis,KNA,2018,0.3,,4.14,,
Saint Kitts and Nevis,KNA,2019,0.3,,4.15,,
Saint Lucia,LCA,2015,0.22,,3.4,,
Saint Lucia,LCA,2016,0.23,,3.4,,
Saint Lucia,LCA,2017,0.23,,3.4,,
Saint Lucia,LCA,2018,0.23,,3.43,,
Saint Lucia,LCA,2019,0.23,,3.47,,
Saint Vincent and the Grenadines,VCT,2015,0.22,,3.45,,
Saint Vincent and the Grenadines,VCT,2016,0.22,,3.44,,
Saint Vincent and the Grenadines,VCT,2017,0.22,,3.44,,
Saint Vincent and the Grenadines,VCT,2018,0.22,,3.46,,
Saint Vincent and the Grenadines,VCT,2019,0.22,,3.51,,
Samoa,WSM,2015,0.1,3960,2.91,,
Samoa,WSM,2016,0.1,4110,2.9,,
Samoa,WSM,2017,0.1,4070,2.9,,
Samoa,WSM,2018,0.1,4050,2.91,,
Samoa,WSM,2019,0.1,4230,2.92,,
San Marino,SMR,2015,0.57,,4.49,,
San Marino,SMR,2016,0.57,,4.49,,
San Marino,SMR,2017,0.56,,4.5,,
San Marino,SMR,2018,0.56,,4.5,,
San Marino,SMR,2019,0.56,,4.5,,
Sao Tome and Principe,STP,2015,0.11,1650,3.76,,
Sao Tome and Principe,STP,2016,0.11,1690,3.76,,
Sao Tome and Principe,STP,2017,0.11,1700,3.77,,
Sao Tome and Principe,STP,2018,0.11,1870,3.79,,
Sao Tome and Principe,STP,2019,0.11,1950,3.83,,
Saudi Arabia,SAU,2015,0.29,23710,4.4,6.294282436,
Saudi Arabia,SAU,2016,0.29,21610,4.38,6.356393337,
Saudi Arabia,SAU,2017,0.29,19990,4.37,6.561247349,
Saudi Arabia,SAU,2018,0.29,21860,4.38,6.559588432,
Saudi Arabia,SAU,2019,0.29,23220,4.42,6.493999958,
Scotland,,2015,0.43,,4.29,,
Scotland,,2016,0.43,,4.28,,
Scotland,,2017,0.43,,4.28,,
Scotland,,2018,0.44,,4.27,,
Scotland,,2019,0.44,,4.27,,
Senegal,SEN,2015,0.1,1310,4.05,4.683024883,
Senegal,SEN,2016,0.1,1270,4.05,4.769377232,
Senegal,SEN,2017,0.1,1280,4.05,5.488736629,
Senegal,SEN,2018,0.1,1390,4.07,,
Senegal,SEN,2019,0.11,1440,4.1,5.131800175,
Serbia,SRB,2015,0.15,5960,2.99,5.122031212,
Serbia,SRB,2016,0.15,5700,3.01,5.936493397,
Serbia,SRB,2017,0.15,5570,3.02,6.241407394,
Serbia,SRB,2018,0.15,6410,3.02,6.041546345,
Serbia,SRB,2019,0.15,7040,3.02,6.077899933,
Seychelles,SYC,2015,0.15,14160,2.77,,
Seychelles,SYC,2016,0.15,14240,2.76,,
Seychelles,SYC,2017,0.16,14660,2.76,,
Seychelles,SYC,2018,0.16,15960,2.77,,
Seychelles,SYC,2019,0.16,16680,2.79,,
Sierra Leone,SLE,2015,0.09,550,4.46,4.089562416,
Sierra Leone,SLE,2016,0.09,490,4.46,4.305683136,
Sierra Leone,SLE,2017,0.09,520,4.46,3.447381496,
Sierra Leone,SLE,2018,0.09,490,4.46,,
Sierra Leone,SLE,2019,0.09,530,4.46,3.849400043,
Singapore,SGP,2015,0.48,53160,2.15,6.378437996,
Singapore,SGP,2016,0.48,53250,2.16,6.374564171,
Singapore,SGP,2017,0.49,54590,2.17,6.378359795,
Singapore,SGP,2018,0.5,56670,2.18,,
Singapore,SGP,2019,0.5,58060,2.2,6.37650013,
Slovakia,SVK,2015,0.19,17700,2.9,6.365509033,
Slovakia,SVK,2016,0.19,16790,2.9,6.23511076,
Slovakia,SVK,2017,0.19,16620,2.9,6.243428707,
Slovakia,SVK,2018,0.19,18340,2.9,6.519098282,
Slovakia,SVK,2019,0.2,19250,2.9,6.330900192,
Slovenia,SVN,2015,0.19,22270,3.38,6.166837692,
Slovenia,SVN,2016,0.2,21790,3.38,6.249419212,
Slovenia,SVN,2017,0.2,22140,3.39,6.665273666,
Slovenia,SVN,2018,0.2,24640,3.38,6.462076187,
Slovenia,SVN,2019,0.2,25980,3.37,6.460700035,
Solomon Islands,SLB,2015,0.07,2130,3.08,,
Solomon Islands,SLB,2016,0.07,2140,3.08,,
Solomon Islands,SLB,2017,0.07,2220,3.08,,
Solomon Islands,SLB,2018,0.07,2360,3.08,,
Solomon Islands,SLB,2019,0.07,2370,3.09,,
Somalia,SOM,2015,0.05,400,4.93,,
Somalia,SOM,2016,0.05,400,4.93,,
Somalia,SOM,2017,0.05,380,4.94,,
Somalia,SOM,2018,0.05,400,4.94,,
Somalia,SOM,2019,0.05,420,4.94,,
South Africa,ZAF,2015,0.17,6610,4.38,4.513655186,
South Africa,ZAF,2016,0.17,5990,4.45,4.8839221,
South Africa,ZAF,2017,0.17,5910,4.5,5.034863472,
South Africa,ZAF,2018,0.17,6340,4.49,4.946800709,
South Africa,ZAF,2019,0.17,6670,4.45,4.956399918,
South Korea,KOR,2015,0.37,28720,2.32,5.873887062,
South Korea,KOR,2016,0.37,29330,2.29,5.840231419,
South Korea,KOR,2017,0.37,30300,2.26,5.902816772,
South Korea,KOR,2018,0.38,32750,2.26,5.792695522,
South Korea,KOR,2019,0.38,33830,2.27,5.845499992,
South Sudan,SSD,2015,0.15,1090,4.78,2.816622496,
South Sudan,SSD,2016,0.15,,4.8,,
South Sudan,SSD,2017,0.16,,4.82,,
South Sudan,SSD,2018,0.16,,4.83,,
South Sudan,SSD,2019,0.16,,4.85,,
Spain,ESP,2015,0.64,28450,5.02,6.230173111,
Spain,ESP,2016,0.64,27550,5.06,6.513370991,
Spain,ESP,2017,0.65,27100,5.11,6.457449436,
Spain,ESP,2018,0.65,29310,5.15,6.502175331,
Spain,ESP,2019,0.65,30380,5.19,6.490699768,
Sri Lanka,LKA,2015,0.12,3760,3,4.330945492,
Sri Lanka,LKA,2016,0.12,3810,3,4.435023785,
Sri Lanka,LKA,2017,0.12,3870,3.01,4.213299274,
Sri Lanka,LKA,2018,0.12,4040,3.01,,
Sri Lanka,LKA,2019,0.13,4010,3.02,4.324999809,
Sudan,SDN,2015,0.15,1920,4.57,,
Sudan,SDN,2016,0.15,2160,4.57,,
Sudan,SDN,2017,0.15,2420,4.58,,
Sudan,SDN,2018,0.15,1390,4.59,,
Sudan,SDN,2019,0.15,940,4.61,,
Suriname,SUR,2015,0.23,8890,4.92,,
Suriname,SUR,2016,0.24,6940,4.92,,
Suriname,SUR,2017,0.24,5940,4.93,,
Suriname,SUR,2018,0.24,5970,4.92,,
Suriname,SUR,2019,0.24,6190,4.89,,
Sweden,SWE,2015,0.54,58420,4.49,7.286804676,
Sweden,SWE,2016,0.55,54360,4.49,7.374792099,
Sweden,SWE,2017,0.55,53030,4.49,7.398092747,
Sweden,SWE,2018,0.56,55690,4.49,7.314341068,
Sweden,SWE,2019,0.56,56420,4.47,7.362699986,
Switzerland,CHE,2015,0.54,87960,4.09,7.473593235,
Switzerland,CHE,2016,0.54,84420,4.1,7.508586884,
Switzerland,CHE,2017,0.54,81880,4.11,7.69422102,
Switzerland,CHE,2018,0.54,83280,4.11,7.508435249,
Switzerland,CHE,2019,0.54,84260,4.08,7.571499825,
Syria,SYR,2015,0.17,1020,4.23,,
Syria,SYR,2016,0.17,860,4.24,,
Syria,SYR,2017,0.17,820,4.24,,
Syria,SYR,2018,0.17,930,4.28,,
Syria,SYR,2019,0.17,,4.35,,
Taiwan,TWN,2015,0.18,,2.77,6.359450817,
Taiwan,TWN,2016,0.18,,2.76,6.467004776,
Taiwan,TWN,2017,0.18,,2.76,6.537089825,
Taiwan,TWN,2018,0.19,,2.76,6.751067638,
Taiwan,TWN,2019,0.19,,2.77,6.584400177,
Tajikistan,TJK,2015,0.09,1260,2.94,5.829234123,
Tajikistan,TJK,2016,0.09,1110,2.94,5.497468948,
Tajikistan,TJK,2017,0.09,1030,2.95,5.464015484,
Tajikistan,TJK,2018,0.09,1030,2.96,5.373398781,
Tajikistan,TJK,2019,0.09,1070,2.97,5.466199875,
Tanzania,TZA,2015,0.1,980,4.7,3.347121239,
Tanzania,TZA,2016,0.1,970,4.71,3.445023298,
Tanzania,TZA,2017,0.11,970,4.73,3.640154839,
Tanzania,TZA,2018,0.11,1030,4.74,3.785684109,
Tanzania,TZA,2019,0.11,1100,4.77,3.62319994,
Thailand,THA,2015,0.13,5710,3.01,5.938895226,
Thailand,THA,2016,0.13,5700,3.01,6.011561871,
Thailand,THA,2017,0.14,5970,3,6.02215147,
Thailand,THA,2018,0.14,6610,3,5.884544373,
Thailand,THA,2019,0.14,7250,2.99,5.984700203,
Timor,TLS,2015,0.1,2200,2.88,,
Timor,TLS,2016,0.1,1750,2.88,,
Timor,TLS,2017,0.1,1800,2.88,,
Timor,TLS,2018,0.1,1820,2.88,,
Timor,TLS,2019,0.1,2050,2.89,,
Togo,TGO,2015,0.09,640,4.55,4.360805035,
Togo,TGO,2016,0.09,670,4.56,4.022894859,
Togo,TGO,2017,0.09,720,4.57,4.179493904,
Togo,TGO,2018,0.09,880,4.57,,
Togo,TGO,2019,0.09,920,4.58,4.106800079,
Tokelau,TKL,2015,0.1,,3.27,,
Tokelau,TKL,2016,0.1,,3.26,,
Tokelau,TKL,2017,0.11,,3.26,,
Tokelau,TKL,2018,0.11,,3.26,,
Tokelau,TKL,2019,0.11,,3.26,,
Tonga,TON,2015,0.09,4440,2.79,,
Tonga,TON,2016,0.1,4410,2.79,,
Tonga,TON,2017,0.1,4590,2.79,,
Tonga,TON,2018,0.1,4800,2.8,,
Tonga,TON,2019,0.1,5150,2.82,,
Trinidad and Tobago,TTO,2015,0.3,19030,4,6.191859722,
Trinidad and Tobago,TTO,2016,0.3,16870,3.99,,
Trinidad and Tobago,TTO,2017,0.3,16120,3.99,,
Trinidad and Tobago,TTO,2018,0.3,16120,4,,
Trinidad and Tobago,TTO,2019,0.3,16740,4.03,,
Tunisia,TUN,2015,0.21,4190,5.28,4.124342918,
Tunisia,TUN,2016,0.21,3980,5.27,4.741132259,
Tunisia,TUN,2017,0.22,3750,5.27,4.315479755,
Tunisia,TUN,2018,0.22,3760,5.29,4.730811119,
Tunisia,TUN,2019,0.22,3620,5.34,4.59649992,
Turkey,TUR,2015,0.29,12030,4.27,5.607262135,
Turkey,TUR,2016,0.3,11260,4.21,5.185689449,
Turkey,TUR,2017,0.3,10970,4.16,4.87207365,
Turkey,TUR,2018,0.31,10510,4.15,4.861554146,
Turkey,TUR,2019,0.31,9690,4.16,4.947599888,
Turkmenistan,TKM,2015,0.15,7030,3.26,5.229148865,
Turkmenistan,TKM,2016,0.15,6830,3.25,4.620601654,
Turkmenistan,TKM,2017,0.16,6380,3.25,5.474299908,
Turkmenistan,TKM,2018,0.16,6740,3.25,,
Turkmenistan,TKM,2019,0.16,7220,3.25,5.066400051,
Tuvalu,TUV,2015,0.08,5580,3.26,,
Tuvalu,TUV,2016,0.08,5300,3.25,,
Tuvalu,TUV,2017,0.08,5070,3.25,,
Tuvalu,TUV,2018,0.08,5820,3.25,,
Tuvalu,TUV,2019,0.09,6240,3.25,,
Uganda,UGA,2015,0.09,830,6.69,4.000516891,
Uganda,UGA,2016,0.1,800,6.7,4.321714878,
Uganda,UGA,2017,0.1,740,6.7,4.948051453,
Uganda,UGA,2018,0.1,750,6.7,4.640909672,
Uganda,UGA,2019,0.1,780,6.69,4.636499882,
Ukraine,UKR,2015,0.13,2800,4.18,4.311067104,
Ukraine,UKR,2016,0.13,2360,4.19,4.661909103,
Ukraine,UKR,2017,0.13,2360,4.2,4.701762199,
Ukraine,UKR,2018,0.13,2750,4.2,5.269675732,
Ukraine,UKR,2019,0.13,3310,4.2,4.874800205,
United Arab Emirates,ARE,2015,0.3,42870,3.72,7.039419651,
United Arab Emirates,ARE,2016,0.31,40550,3.72,6.603743553,
United Arab Emirates,ARE,2017,0.31,39280,3.72,6.710782528,
United Arab Emirates,ARE,2018,0.31,41470,3.73,6.458392143,
United Arab Emirates,ARE,2019,0.32,43830,3.76,6.560500145,
United Kingdom,GBR,2015,0.46,44730,4.57,7.103273392,
United Kingdom,GBR,2016,0.46,43460,4.53,7.233445168,
United Kingdom,GBR,2017,0.46,41880,4.5,7.157151222,
United Kingdom,GBR,2018,0.47,42410,4.5,6.798177242,
United Kingdom,GBR,2019,0.47,43460,4.5,7.063600063,
United States,USA,2015,0.45,56620,4.75,6.9917593,
United States,USA,2016,0.46,57140,4.74,6.882684708,
United States,USA,2017,0.46,59250,4.74,6.943701267,
United States,USA,2018,0.46,63490,4.73,7.028088093,
United States,USA,2019,0.46,65970,4.73,6.951499939,
United States Virgin Islands,VIR,2015,0.38,,3.49,,
United States Virgin Islands,VIR,2016,0.37,,3.49,,
United States Virgin Islands,VIR,2017,0.37,,3.49,,
United States Virgin Islands,VIR,2018,0.37,,3.51,,
United States Virgin Islands,VIR,2019,0.37,,3.55,,
Uruguay,URY,2015,0.37,15620,3.11,6.336009979,
Uruguay,URY,2016,0.37,15440,3.1,6.371714592,
Uruguay,URY,2017,0.38,15920,3.09,6.600337029,
Uruguay,URY,2018,0.38,17280,3.09,6.309681416,
Uruguay,URY,2019,0.38,17770,3.07,6.431399822,
Uzbekistan,UZB,2015,0.12,2740,3.35,6.421447754,
Uzbekistan,UZB,2016,0.12,2790,3.35,6.205460072,
Uzbekistan,UZB,2017,0.12,2470,3.35,6.154049397,
Uzbekistan,UZB,2018,0.12,2110,3.34,,
Uzbekistan,UZB,2019,0.12,1870,3.34,6.178800106,
Vanuatu,VUT,2015,0.08,2820,3.05,,
Vanuatu,VUT,2016,0.08,2830,3.05,,
Vanuatu,VUT,2017,0.08,2900,3.05,,
Vanuatu,VUT,2018,0.08,3170,3.05,,
Vanuatu,VUT,2019,0.08,3440,3.06,,
Venezuela,VEN,2015,0.24,,3.34,5.070750713,
Venezuela,VEN,2016,0.24,,3.35,5.005663395,
Venezuela,VEN,2017,0.23,,3.36,5.080803394,
Venezuela,VEN,2018,0.23,,3.36,4.573829651,
Venezuela,VEN,2019,0.22,,3.36,4.892199993,
Vietnam,VNM,2015,0.09,2460,2.58,5.175278664,
Vietnam,VNM,2016,0.09,2570,2.58,5.295547009,
Vietnam,VNM,2017,0.1,2700,2.58,5.467451096,
Vietnam,VNM,2018,0.1,3030,2.58,,
Vietnam,VNM,2019,0.1,3280,2.58,5.41079998,
Wales,,2015,0.44,,4.52,,
Wales,,2016,0.44,,4.53,,
Wales,,2017,0.44,,4.54,,
Wales,,2018,0.45,,4.54,,
Wales,,2019,0.45,,4.55,,
Yemen,YEM,2015,0.14,1200,5.04,3.253560066,
Yemen,YEM,2016,0.14,1160,5.03,3.057513952,
Yemen,YEM,2017,0.14,1080,5.02,4.196912766,
Yemen,YEM,2018,0.13,910,5.03,,
Yemen,YEM,2019,0.13,820,5.04,3.657900095,
Zambia,ZMB,2015,0.11,1580,4.27,3.932777405,
Zambia,ZMB,2016,0.11,1370,4.28,4.041488171,
Zambia,ZMB,2017,0.12,1300,4.29,3.306796551,
Zambia,ZMB,2018,0.12,1440,4.3,4.837992191,
Zambia,ZMB,2019,0.12,1430,4.3,4.073400021,
Zimbabwe,ZWE,2015,0.1,1390,3.55,3.63830018,
Zimbabwe,ZWE,2016,0.1,1390,3.56,3.616479874,
Zimbabwe,ZWE,2017,0.1,1350,3.56,2.693523169,
Zimbabwe,ZWE,2018,0.1,1350,3.56,3.159802198,
Zimbabwe,ZWE,2019,0.1,1210,3.55,3.144799948,