YearCode,Entity,Code,Year,GNI,EatingDisorderPrevalancePercent,DepressionPrevalancePerc,DeathsBySuicide,LifeSatisfactionRate,DeathsHeartDisease,HealthCareExpenditure
AFG-2015,Afghanistan,AFG,2015,590,0.12,5.11,0.59,2.66171813,22.94,211.59
AFG-2016,Afghanistan,AFG,2016,550,0.12,5.11,0.59,2.694303274,22.91,234.14
AFG-2017,Afghanistan,AFG,2017,530,0.12,5.11,0.63,2.375091791,24.17,259.79
AFG-2018,Afghanistan,AFG,2018,510,0.12,5.12,0.62,,23.9,294.31
AFG-2019,Afghanistan,AFG,2019,520,0.12,5.13,0.64,2.522900105,24.62,285.56
ALB-2015,Albania,ALB,2015,4390,0.14,,0.77,,56.52,568.92
ALB-2016,Albania,ALB,2016,4320,0.14,2.61,0.74,5.004402637,56.64,591.67
ALB-2017,Albania,ALB,2017,4290,0.14,2.61,0.72,4.995317936,56.79,639.82
ALB-2018,Albania,ALB,2018,4860,0.14,2.62,0.69,5.364909649,56.94,726.98
ALB-2019,Albania,ALB,2019,5230,0.15,2.63,0.67,5.117400169,56.93,
DZA-2015,Algeria,DZA,2015,4850,0.22,2.61,0.8,4.639548302,46.43,838.51
DZA-2016,Algeria,DZA,2016,4370,0.22,4.31,0.77,5.043086052,46.99,768.08
DZA-2017,Algeria,DZA,2017,3950,0.22,4.3,0.76,4.744627476,47.64,737.04
DZA-2018,Algeria,DZA,2018,3980,0.22,4.32,0.75,,48.13,734.99
DZA-2019,Algeria,DZA,2019,4010,0.22,4.37,0.75,4.88710022,48.7,750.45
AGO-2015,Angola,AGO,2015,3920,0.14,4.31,0.92,5.248912334,11.92,191.2
AGO-2016,Angola,AGO,2016,2480,0.14,5.85,0.93,,12.27,192.72
AGO-2017,Angola,AGO,2017,2010,0.14,5.86,0.98,,12.78,204.08
AGO-2018,Angola,AGO,2018,1900,0.14,5.86,1.01,,13.34,188.51
AGO-2019,Angola,AGO,2019,2070,0.14,5.86,1.04,,13.92,178.03
ATG-2015,Antigua and Barbuda,ATG,2015,12850,0.28,5.85,0.47,,32.92,998.49
ATG-2016,Antigua and Barbuda,ATG,2016,13580,0.28,3.05,0.46,,32.89,1020.28
ATG-2017,Antigua and Barbuda,ATG,2017,14320,0.28,3.05,0.45,,32.9,967.3
ATG-2018,Antigua and Barbuda,ATG,2018,15880,0.28,3.09,0.45,,32.91,1049.16
ATG-2019,Antigua and Barbuda,ATG,2019,16420,0.28,3.17,0.45,,32.87,1016.47
ARG-2015,Argentina,ARG,2015,12600,0.35,3.05,1.44,,28.97,2059.33
ARG-2016,Argentina,ARG,2016,12220,0.36,2.6,1.43,5.792796612,29.16,1831.54
ARG-2017,Argentina,ARG,2017,13140,0.36,2.6,1.43,6.085560799,29.29,2470.11
ARG-2018,Argentina,ARG,2018,12430,0.36,2.6,1.45,5.900567055,29.15,2260.4
ARG-2019,Argentina,ARG,2019,11260,0.36,2.59,1.44,5.929299831,29.16,2198.88
ARM-2015,Armenia,ARM,2015,4010,0.13,2.61,1.08,6.039330006,47.39,1008.7
ARM-2016,Armenia,ARM,2016,3760,0.13,3.16,1.07,5.062448502,47.4,1065.28
ARM-2017,Armenia,ARM,2017,3950,0.13,3.16,1.04,5.4880867,48.03,1255.46
ARM-2018,Armenia,ARM,2018,4240,0.13,3.17,1.03,,48.22,1303.19
ARM-2019,Armenia,ARM,2019,4660,0.13,3.19,1.03,5.282599926,48.28,1616.18
AUS-2015,Australia,AUS,2015,60490,1.11,3.15,1.95,4.287736416,29.95,4392.07
AUS-2016,Australia,AUS,2016,54090,1.11,4.83,1.88,7.17699337,29.78,4632.32
AUS-2017,Australia,AUS,2017,51480,1.11,4.73,1.79,7.233994961,30.01,4715.83
AUS-2018,Australia,AUS,2018,53070,1.12,4.75,1.73,7.137367725,30.15,4876.28
AUS-2019,Australia,AUS,2019,54910,1.14,4.83,1.7,7.183499813,30.21,5294.46
AUT-2015,Austria,AUT,2015,47480,0.62,4.95,1.82,7.25703764,39.94,5204.62
AUT-2016,Austria,AUT,2016,46240,0.61,3.41,1.8,7.396001816,39.76,5476.68
AUT-2017,Austria,AUT,2017,45040,0.61,3.41,1.79,7.195361137,39.54,5641.18
AUT-2018,Austria,AUT,2018,49010,0.61,3.42,1.76,7.213489056,39.84,5898.35
AUT-2019,Austria,AUT,2019,51010,0.62,3.42,1.72,7.267799854,40,6134.13
AZE-2015,Azerbaijan,AZE,2015,6610,0.15,3.41,0.51,7.293727875,55.87,615.16
AZE-2016,Azerbaijan,AZE,2016,4790,0.15,2.89,0.49,5.167995453,56.24,581.39
AZE-2017,Azerbaijan,AZE,2017,4110,0.15,2.89,0.48,5.173389435,56.58,528.12
AZE-2018,Azerbaijan,AZE,2018,4080,0.15,2.91,0.5,,56.14,517.13
AZE-2019,Azerbaijan,AZE,2019,4510,0.15,2.94,0.5,5.170800209,56.1,605.93
BHS-2015,Bahamas,BHS,2015,28810,0.31,2.89,0.45,5.152279377,31.05,1747.15
BHS-2016,Bahamas,BHS,2016,28930,0.31,3.12,0.45,,31.88,1919.69
BHS-2017,Bahamas,BHS,2017,30580,0.31,3.12,0.45,,32.16,2398.94
BHS-2018,Bahamas,BHS,2018,31070,0.31,3.15,0.44,,32.47,2248.73
BHS-2019,Bahamas,BHS,2019,32420,0.31,3.21,0.43,,31.79,2227.64
BHR-2015,Bahrain,BHR,2015,22580,0.29,3.12,2.44,,27.85,2272.86
BHR-2016,Bahrain,BHR,2016,21570,0.3,4.72,2.25,,28.4,2176
BHR-2017,Bahrain,BHR,2017,21250,0.3,4.71,2.07,7.098012447,28.87,2262.75
BHR-2018,Bahrain,BHR,2018,22000,0.3,4.72,1.95,6.173175812,29.39,1962.29
BHR-2019,Bahrain,BHR,2019,22230,0.3,4.72,1.81,6.646900177,29.78,1880.58
BGD-2015,Bangladesh,BGD,2015,1220,0.11,4.73,0.9,6.227320671,35.26,93.85
BGD-2016,Bangladesh,BGD,2016,1430,0.11,4.73,0.88,4.499217033,35.85,95.18
BGD-2017,Bangladesh,BGD,2017,1670,0.12,4.73,0.87,5.114216805,36.94,101.18
BGD-2018,Bangladesh,BGD,2018,2040,0.12,4.74,0.87,5.279986858,37.67,114.09
BGD-2019,Bangladesh,BGD,2019,2250,0.12,4.75,0.87,5.024600029,38.22,123.29
BRB-2015,Barbados,BRB,2015,15760,0.25,4.72,0.5,4.309771061,29.19,1050.83
BRB-2016,Barbados,BRB,2016,15940,0.25,3.27,0.49,,29.27,1065.85
BRB-2017,Barbados,BRB,2017,16090,0.25,3.27,0.49,,29.31,1045.57
BRB-2018,Barbados,BRB,2018,16610,0.25,3.29,0.48,,29.32,1053.73
BRB-2019,Barbados,BRB,2019,17130,0.25,3.34,0.48,,29.28,1028.83
BLR-2015,Belarus,BLR,2015,6750,0.14,3.27,1.94,,62.36,1100.08
BLR-2016,Belarus,BLR,2016,5640,0.14,4.2,1.89,5.233769894,62.52,1053.89
BLR-2017,Belarus,BLR,2017,5320,0.14,4.2,1.89,5.821453094,62.43,1058.24
BLR-2018,Belarus,BLR,2018,5730,0.14,4.18,1.91,,62.04,1072.71
BLR-2019,Belarus,BLR,2019,6370,0.14,4.13,1.86,5.533500195,61.9,1198.62
BEL-2015,Belgium,BEL,2015,45570,0.47,4.2,2.07,5.552915096,29.08,4834.89
BEL-2016,Belgium,BEL,2016,43400,0.47,3.9,2.06,6.89217186,28.91,5244.89
BEL-2017,Belgium,BEL,2017,42520,0.48,3.89,2.04,6.772138119,29.15,5450.48
BEL-2018,Belgium,BEL,2018,46070,0.48,3.89,1.99,6.838760853,29.34,5683.12
BEL-2019,Belgium,BEL,2019,48050,0.48,3.9,1.94,6.834000111,29.48,5846.9
BLZ-2015,Belize,BLZ,2015,4440,0.2,3.9,1.33,6.928347588,22.36,430.14
BLZ-2016,Belize,BLZ,2016,4370,0.2,3.43,1.37,,22.44,441.11
BLZ-2017,Belize,BLZ,2017,4430,0.2,3.43,1.42,,22.65,410.97
BLZ-2018,Belize,BLZ,2018,4560,0.21,3.44,1.39,,23.09,426.89
BLZ-2019,Belize,BLZ,2019,4610,0.2,3.46,1.39,,23.3,445.72
BEN-2015,Benin,BEN,2015,1180,0.1,3.42,0.72,,11.25,83.93
BEN-2016,Benin,BEN,2016,1110,0.1,4.51,0.74,5.81982708,11.41,82.32
BEN-2017,Benin,BEN,2017,1090,0.1,4.52,0.76,4.976360798,11.69,79.74
BEN-2018,Benin,BEN,2018,1200,0.1,4.52,0.77,4.407745838,11.96,81.08
BEN-2019,Benin,BEN,2019,1250,0.1,4.54,0.8,5.045199871,12.3,81.99
BMU-2015,Bermuda,BMU,2015,101120,0.38,4.51,0.54,4.853180885,35.64,
BMU-2016,Bermuda,BMU,2016,103620,0.39,3.35,0.53,,35.8,
BMU-2017,Bermuda,BMU,2017,112940,0.39,3.35,0.52,,35.92,
BMU-2018,Bermuda,BMU,2018,117000,0.39,3.35,0.51,,35.97,
BMU-2019,Bermuda,BMU,2019,117290,0.39,3.37,0.5,,35.99,
BTN-2015,Bhutan,BTN,2015,2520,0.14,3.36,0.97,,26.57,340.19
BTN-2016,Bhutan,BTN,2016,2650,0.14,4.09,0.97,,26.98,352.93
BTN-2017,Bhutan,BTN,2017,2800,0.14,4.09,0.96,,27.46,355.49
BTN-2018,Bhutan,BTN,2018,2970,0.15,4.11,0.96,,27.98,368.22
BTN-2019,Bhutan,BTN,2019,3150,0.15,4.16,0.96,,28.45,432.13
BOL-2015,Bolivia,BOL,2015,2960,0.24,4.1,0.99,,20.14,467.31
BOL-2016,Bolivia,BOL,2016,3040,0.24,3.57,1,5.915734291,20.35,512.48
BOL-2017,Bolivia,BOL,2017,3090,0.24,3.57,1,5.67427063,20.52,546.71
BOL-2018,Bolivia,BOL,2018,3370,0.24,3.57,0.99,5.559258938,20.78,588.91
BOL-2019,Bolivia,BOL,2019,3520,0.25,3.55,0.98,5.715899944,20.95,630.76
BIH-2015,Bosnia and Herzegovina,BIH,2015,5210,0.14,3.57,1.06,5.65055275,49.93,1123.09
BIH-2016,Bosnia and Herzegovina,BIH,2016,5130,0.14,2.91,1.03,5.887401104,49.96,1209.12
BIH-2017,Bosnia and Herzegovina,BIH,2017,5120,0.14,2.91,1.01,6.01552248,50.1,1233.23
BIH-2018,Bosnia and Herzegovina,BIH,2018,5750,0.14,2.93,0.99,5.515816212,50.22,1368.18
BIH-2019,Bosnia and Herzegovina,BIH,2019,6170,0.15,2.95,0.98,5.813099861,50.34,1476.8
BWA-2015,Botswana,BWA,2015,6430,0.18,2.91,1.87,5.089902401,15.53,890.28
BWA-2016,Botswana,BWA,2016,6280,0.18,4.43,1.88,3.4613657,15.84,959.77
BWA-2017,Botswana,BWA,2017,6380,0.18,4.43,1.89,3.471084833,16.06,1058.43
BWA-2018,Botswana,BWA,2018,6780,0.19,4.44,1.9,,16.31,1078.19
BWA-2019,Botswana,BWA,2019,7170,0.19,4.46,1.89,3.466500044,16.6,1122.14
BRA-2015,Brazil,BRA,2015,10170,0.24,4.43,1.01,3.504881144,27.53,1313.6
BRA-2016,Brazil,BRA,2016,8910,0.24,4.01,1.01,6.190921783,27.65,1307.15
BRA-2017,Brazil,BRA,2017,8680,0.24,3.99,1,6.451148987,27.71,1375.66
BRA-2018,Brazil,BRA,2018,9140,0.24,3.99,0.98,6.109717846,27.99,1438.77
BRA-2019,Brazil,BRA,2019,9220,0.24,3.99,0.96,6.33010006,28.21,1497.81
BRN-2015,Brunei,BRN,2015,38850,0.47,4.03,1.33,6.332929134,26.35,1492.93
BRN-2016,Brunei,BRN,2016,33170,0.46,1.68,1.32,,26.57,1434.58
BRN-2017,Brunei,BRN,2017,29800,0.46,1.68,1.32,,26.76,1384.77
BRN-2018,Brunei,BRN,2018,29390,0.46,1.7,1.31,,26.9,1492.61
BRN-2019,Brunei,BRN,2019,32230,0.46,1.74,1.31,,27.01,1400.91
BGR-2015,Bulgaria,BGR,2015,7430,0.16,1.68,0.87,,62.82,1354.83
BGR-2016,Bulgaria,BGR,2016,7400,0.16,2.86,0.88,5.098813534,62.96,1491.41
BGR-2017,Bulgaria,BGR,2017,7610,0.16,2.87,0.89,5.108438015,63.1,1607.71
BGR-2018,Bulgaria,BGR,2018,8530,0.17,2.88,0.88,5.597723007,63.52,1729.4
BGR-2019,Bulgaria,BGR,2019,9500,0.17,2.88,0.87,5.265500069,63.72,1797.51
BFA-2015,Burkina Faso,BFA,2015,700,0.09,2.86,0.68,5.096901894,10.08,87.94
BFA-2016,Burkina Faso,BFA,2016,680,0.09,4.6,0.72,4.92723608,10.31,112.86
BFA-2017,Burkina Faso,BFA,2017,670,0.09,4.6,0.75,4.740892887,10.65,123.81
BFA-2018,Burkina Faso,BFA,2018,750,0.09,4.54,0.77,,10.92,107.57
BFA-2019,Burkina Faso,BFA,2019,770,0.09,4.43,0.77,4.833799839,11,122.41
BDI-2015,Burundi,BDI,2015,260,0.07,4.59,0.84,4.646891117,11.51,54.11
BDI-2016,Burundi,BDI,2016,260,0.07,4.79,0.87,3.775283098,11.82,61.52
BDI-2017,Burundi,BDI,2017,260,0.07,4.79,0.89,,12.16,61.14
BDI-2018,Burundi,BDI,2018,250,0.07,4.79,0.93,,12.61,64.32
BDI-2019,Burundi,BDI,2019,240,0.07,4.79,0.96,3.775300026,12.95,61.8
KHM-2015,Cambodia,KHM,2015,1060,0.08,4.79,0.71,,25.39,209.91
KHM-2016,Cambodia,KHM,2016,1140,0.08,3.04,0.72,5.121837616,25.86,224.78
KHM-2017,Cambodia,KHM,2017,1230,0.08,3.05,0.72,4.998284817,26.34,224.81
KHM-2018,Cambodia,KHM,2018,1380,0.09,3.04,0.72,4.376985073,26.88,261.77
KHM-2019,Cambodia,KHM,2019,1530,0.09,3.04,0.71,4.83039999,27.36,316.05
CMR-2015,Cameroon,CMR,2015,1500,0.11,3.04,0.93,4.585842133,11.07,122.23
CMR-2016,Cameroon,CMR,2016,1440,0.11,4.71,0.97,5.250737667,11.41,126.99
CMR-2017,Cameroon,CMR,2017,1390,0.11,4.71,1.01,4.936737537,11.88,124.13
CMR-2018,Cameroon,CMR,2018,1490,0.11,4.71,1.06,5.2410779,12.38,127.91
CMR-2019,Cameroon,CMR,2019,1540,0.11,4.73,1.09,5.141799927,12.78,136.24
CAN-2015,Canada,CAN,2015,47590,0.47,4.71,1.89,5.07405138,28.04,4751.44
CAN-2016,Canada,CAN,2016,43890,0.47,3.59,1.87,7.175496578,28.17,5084.13
CAN-2017,Canada,CAN,2017,42900,0.47,3.59,1.81,7.1090765,28.27,5208.72
CAN-2018,Canada,CAN,2018,45080,0.47,3.61,1.7,7.024904728,28.55,5427.75
CAN-2019,Canada,CAN,2019,46540,0.47,3.64,1.63,7.103300095,28.68,5520.65
CPV-2016,Cape Verde,CPV,2016,,0.14,5.11,2.69,,29.2,306.45
CPV-2017,Cape Verde,CPV,2017,1390,0.14,5.11,2.69,,29.48,350.64
CPV-2018,Cape Verde,CPV,2018,,0.14,5.09,2.35,,30.71,370.3
CPV-2019,Cape Verde,CPV,2019,,0.14,5.07,2.33,,30.68,369.68
CAF-2015,Central African Republic,CAF,2015,400,0.07,3.6,0.82,7.414868355,9.35,39.62
CAF-2016,Central African Republic,CAF,2016,410,0.07,5.99,0.84,,9.67,46.33
CAF-2017,Central African Republic,CAF,2017,440,0.07,5.98,0.85,,9.76,60.84
CAF-2018,Central African Republic,CAF,2018,490,0.07,5.98,0.89,,10.28,107.82
CAF-2019,Central African Republic,CAF,2019,520,0.07,5.99,0.91,,10.63,78.44
TCD-2015,Chad,TCD,2015,880,0.1,5.99,0.58,3.475862026,8.42,82.34
TCD-2016,Chad,TCD,2016,730,0.1,5.22,0.6,4.486325264,8.54,84.96
TCD-2017,Chad,TCD,2017,640,0.1,5.21,0.61,4.250799179,8.62,72.92
TCD-2018,Chad,TCD,2018,680,0.1,5.21,0.62,,8.74,66.04
TCD-2019,Chad,TCD,2019,700,0.1,5.22,0.64,4.355400085,8.85,69.4
CHL-2015,Chile,CHL,2015,14130,0.38,5.22,1.91,4.558937073,26.41,1884.59
CHL-2016,Chile,CHL,2016,13340,0.39,4.02,1.89,6.436220646,26.34,1996.57
CHL-2017,Chile,CHL,2017,13260,0.39,4.02,1.85,5.942250252,26.51,2219.14
CHL-2018,Chile,CHL,2018,14580,0.39,4,1.81,6.150642872,26.58,2265.86
CHL-2019,Chile,CHL,2019,14900,0.39,3.95,1.77,6.171899796,26.63,2424.15
CHN-2015,China,CHN,2015,7890,0.11,4.03,1.23,6.320119381,42.62,627.63
CHN-2016,China,CHN,2016,8210,0.11,2.94,1.21,5.131433964,42.78,658.58
CHN-2017,China,CHN,2017,8670,0.12,2.93,1.19,5.144120216,42.95,706.37
CHN-2018,China,CHN,2018,9540,0.12,2.93,1.17,5.771064758,42.98,784.19
CHN-2019,China,CHN,2019,10310,0.12,2.92,1.14,5.339099884,43.04,880.19
COL-2015,Colombia,COL,2015,7330,0.22,2.94,1.22,5.099061489,28.58,988.09
COL-2016,Colombia,COL,2016,6460,0.23,2.31,1.18,5.983512402,28.78,1040.21
COL-2017,Colombia,COL,2017,5940,0.23,2.33,1.17,6.350297928,28.82,1088.17
COL-2018,Colombia,COL,2018,6270,0.23,2.34,1.14,5.70917511,29.22,1133.59
COL-2019,Colombia,COL,2019,6570,0.23,2.35,1.11,6.01240015,29.46,1204.3
COM-2015,Comoros,COM,2015,1380,0.09,2.29,0.82,6.157341957,21.53,124.67
COM-2016,Comoros,COM,2016,1320,0.09,4.38,0.83,3.972819567,21.97,133.25
COM-2017,Comoros,COM,2017,1280,0.09,4.39,0.84,4.608616352,22.42,159.74
COM-2018,Comoros,COM,2018,1370,0.09,4.4,0.82,,22.56,154.01
COM-2019,Comoros,COM,2019,1380,0.09,4.42,0.81,4.288599968,22.83,168.64
COG-2016,Congo,COG,2016,470,0.13,5.62,1.08,5.490214348,18.15,106.56
COG-2017,Congo,COG,2017,460,0.13,5.62,1.11,5.212622643,18.73,106.82
COG-2018,Congo,COG,2018,500,0.13,5.63,1.14,,19.31,76.8
COG-2019,Congo,COG,2019,530,0.13,5.64,1.18,5.341700077,19.87,81.69
COK-2016,Cook Islands,COK,2016,470,0.16,3.33,1.18,,35.7,662.99
COK-2017,Cook Islands,COK,2017,460,0.16,3.33,1.5,,35.56,667.06
COK-2018,Cook Islands,COK,2018,,0.16,3.33,1.47,,35.43,751.69
COK-2019,Cook Islands,COK,2019,,0.17,3.33,1.43,,35.29,853.39
COD-2015,Congo,COD,2015,460,0.07,4.37,1.04,,17.44,113.98
CRI-2017,Costa Rica,CRI,2017,11500,0.25,3.41,1.67,6.997618675,26.8,1297.53
CRI-2018,Costa Rica,CRI,2018,11970,0.25,3.42,1.69,,26.69,1401.87
CRI-2019,Costa Rica,CRI,2019,12120,0.25,3.42,1.7,7.069399834,26.95,1439.77
CRI-2015,Costa Rica,CRI,2015,10700,0.24,5.63,1.63,4.883991241,27.18,1530.22
CRI-2016,Costa Rica,CRI,2016,11100,0.24,3.41,1.59,7.141074657,27.31,1636.18
CIV-2017,Cote d'Ivoire,CIV,2017,2030,0.11,3.99,0.96,5.392012119,10.68,149.82
CIV-2018,Cote d'Ivoire,CIV,2018,2180,0.11,4,0.98,5.256503582,10.93,158.44
CIV-2019,Cote d'Ivoire,CIV,2019,2290,0.12,4.01,1.01,5.306000233,11.34,159.66
CIV-2015,Cote d'Ivoire,CIV,2015,2050,0.11,3.41,1.06,7.22518158,11.96,160.81
CIV-2016,Cote d'Ivoire,CIV,2016,2050,0.11,3.99,1.07,5.26837492,12.27,179.55
HRV-2017,Croatia,HRV,2017,12980,0.18,3.24,1.42,5.625743866,46.63,1553.34
HRV-2018,Croatia,HRV,2018,14410,0.18,3.24,1.39,6.507992268,46.22,1692.24
HRV-2019,Croatia,HRV,2019,15540,0.18,3.24,1.37,5.881700039,46.75,1804.07
HRV-2015,Croatia,HRV,2015,13270,0.18,3.98,1.35,5.037734985,47.01,1989.77
HRV-2016,Croatia,HRV,2016,12680,0.18,3.23,1.32,5.536271095,47.28,2167.81
CUB-2017,Cuba,CUB,2017,7950,0.2,3.97,1.72,,37.34,3180.36
CUB-2018,Cuba,CUB,2018,8630,0.2,3.99,1.7,,37.23,2493.63
CUB-2019,Cuba,CUB,2019,,0.2,4.02,1.68,,37.55,2517.68
CUB-2015,Cuba,CUB,2015,7230,0.2,3.22,1.65,5.343165874,37.65,2519.29
CUB-2016,Cuba,CUB,2016,7480,0.2,3.98,1.64,,37.52,2599.49
CYP-2017,Cyprus,CYP,2017,24960,0.44,3.27,0.8,6.136832714,35.84,2150.31
CYP-2018,Cyprus,CYP,2018,27330,0.44,3.3,0.8,6.259810448,35.65,2374.92
CYP-2019,Cyprus,CYP,2019,28600,0.44,3.38,0.8,6.223499775,35.78,2532.87
CYP-2015,Cyprus,CYP,2015,26010,0.43,3.98,0.78,,35.66,2845.91
CYP-2016,Cyprus,CYP,2016,24720,0.44,3.27,0.77,6.276443005,35.75,3017.27
CZE-2017,Czechia,CZE,2017,18310,0.2,3.11,1.44,,44.9,2441.34
CZE-2018,Czechia,CZE,2018,20560,0.21,3.11,1.4,6.897091389,44.6,2568.34
CZE-2019,Czechia,CZE,2019,22110,0.21,3.11,1.37,6.964700222,44.55,2785.65
CZE-2015,Czechia,CZE,2015,18370,0.2,3.28,1.33,6.062051296,45.01,3198.92
CZE-2016,Czechia,CZE,2016,17670,0.2,3.11,1.3,7.034165382,45.09,3477.03
COD-2017,Democratic Republic of Congo,COD,2017,56690,0.07,,0.96,,14.51,44.05
COD-2018,Democratic Republic of Congo,COD,2018,,0.07,5.48,1.02,,15.43,36.98
COD-2019,Democratic Republic of Congo,COD,2019,,0.08,5.5,1.06,,15.93,40.61
DNK-2015,Denmark,DNK,2015,60510,0.51,3.11,1.26,6.789567947,26.91,5037.01
DNK-2016,Denmark,DNK,2016,58040,0.52,3.89,1.26,7.648785591,27.25,5291.92
DNK-2017,Denmark,DNK,2017,56690,0.52,3.87,1.25,7.693003178,27.44,5573.28
DNK-2018,Denmark,DNK,2018,61260,0.52,3.86,1.24,7.514631271,27.55,5799.37
DNK-2019,Denmark,DNK,2019,63460,0.52,3.85,1.21,7.61950016,27.69,6015.46
DJI-2015,Djibouti,DJI,2015,2540,0.11,3.9,0.86,7.593702316,13.9,141.57
DJI-2016,Djibouti,DJI,2016,2640,0.11,4.61,0.88,,14.48,128.72
DJI-2017,Djibouti,DJI,2017,2730,0.11,4.62,0.92,,15.21,121.08
DJI-2018,Djibouti,DJI,2018,2910,0.11,4.63,0.97,,16,121.58
DJI-2019,Djibouti,DJI,2019,3110,0.11,4.64,0.98,,16.39,104.14
DMA-2015,Dominica,DMA,2015,6920,0.22,4.59,0.48,,31.48,574.76
DMA-2016,Dominica,DMA,2016,7270,0.22,3.15,0.51,,33.03,612.26
DMA-2017,Dominica,DMA,2017,7270,0.22,3.15,0.47,,30.29,619.45
DMA-2018,Dominica,DMA,2018,7800,0.22,3.18,0.51,,32.95,735.91
DMA-2019,Dominica,DMA,2019,8210,0.22,3.24,0.52,,32.92,675.37
DOM-2015,Dominican Republic,DOM,2015,6580,0.23,3.14,1.02,,37.6,852.7
DOM-2016,Dominican Republic,DOM,2016,6860,0.23,3.96,1.02,5.433215618,37.84,938.82
DOM-2017,Dominican Republic,DOM,2017,7090,0.23,3.96,1,6.004237175,38.05,975.77
DOM-2018,Dominican Republic,DOM,2018,7780,0.24,3.97,0.97,5.168409824,38.27,1040.13
DOM-2019,Dominican Republic,DOM,2019,8100,0.24,4,0.95,5.545100212,38.5,1140.04
ECU-2015,Ecuador,ECU,2015,5970,0.29,3.96,1.8,5.605202675,22.52,828.58
ECU-2016,Ecuador,ECU,2016,5800,0.3,3.52,1.77,6.128010273,22.7,803.29
ECU-2017,Ecuador,ECU,2017,5860,0.3,3.52,1.8,5.809131145,23.11,863.05
ECU-2018,Ecuador,ECU,2018,6090,0.3,3.52,1.79,5.35446167,23.27,931.47
ECU-2019,Ecuador,ECU,2019,6090,0.3,3.51,1.81,5.763999939,23.19,934.52
EGY-2015,Egypt,EGY,2015,3340,0.2,3.52,0.54,5.839518547,46.11,614.37
EGY-2016,Egypt,EGY,2016,3440,0.2,4.09,0.54,4.005450726,46.6,600.36
EGY-2017,Egypt,EGY,2017,3030,0.21,4.09,0.55,4.327831745,46.51,620.45
EGY-2018,Egypt,EGY,2018,2790,0.21,4.11,0.55,4.472396851,46.75,576.06
EGY-2019,Egypt,EGY,2019,2690,0.21,4.13,0.55,4.282700062,47.01,582.23
SLV-2015,El Salvador,SLV,2015,3440,0.2,4.09,1.29,3.929344177,21.47,579.72
SLV-2016,El Salvador,SLV,2016,3510,0.2,3.6,1.39,6.241199493,23.35,619.39
SLV-2017,El Salvador,SLV,2017,3600,0.21,3.61,1.37,6.454820633,23.63,609.77
SLV-2018,El Salvador,SLV,2018,3820,0.21,3.61,1.36,5.461926937,23.86,625.99
SLV-2019,El Salvador,SLV,2019,3980,0.21,3.6,1.32,6.060500145,24.14,656.71
-2016,England,,2016,8270,0.46,4.55,0.91,,29.81,
-2017,England,,2017,6510,0.47,4.52,0.91,,29.66,
-2018,England,,2018,,0.47,4.52,0.88,,29.98,
-2019,England,,2019,,0.47,4.52,0.87,,30.1,
GNQ-2015,Equatorial Guinea,GNQ,2015,10850,0.23,3.6,0.87,6.339318275,11.15,700.92
GNQ-2016,Equatorial Guinea,GNQ,2016,8270,0.23,5.84,0.91,,11.6,643.33
GNQ-2017,Equatorial Guinea,GNQ,2017,6510,0.23,5.82,0.96,,12.26,667.46
GNQ-2018,Equatorial Guinea,GNQ,2018,6730,0.22,5.83,1,,12.57,638.54
GNQ-2019,Equatorial Guinea,GNQ,2019,6320,0.22,5.86,1.01,,12.63,607.43
ERI-2015,Eritrea,ERI,2015,,0.09,5.86,1.2,,13.67,70.77
ERI-2016,Eritrea,ERI,2016,,0.09,4.98,1.23,,14.05,59.86
ERI-2017,Eritrea,ERI,2017,,0.09,4.98,1.26,,14.51,57.31
ERI-2018,Eritrea,ERI,2018,,0.09,4.98,1.3,,14.98,72.62
ERI-2019,Eritrea,ERI,2019,,0.09,4.99,1.33,,15.38,81.85
EST-2015,Estonia,EST,2015,18570,0.18,4.97,1.42,,50.08,1865.89
EST-2016,Estonia,EST,2016,18290,0.18,3.98,1.37,6.091302395,50.33,2030.03
EST-2017,Estonia,EST,2017,18760,0.19,3.97,1.36,6.034641266,50.9,2241.85
EST-2018,Estonia,EST,2018,21200,0.19,3.98,1.33,6.452563763,51.35,2434.2
EST-2019,Estonia,EST,2019,23050,0.19,3.99,1.31,6.188799858,51.65,2616.81
SWZ-2015,Eswatini,SWZ,2015,3800,0.15,3.98,1.78,5.938395977,11.21,622.06
SWZ-2016,Eswatini,SWZ,2016,3450,0.16,4.59,1.85,4.211565018,11.76,593.77
SWZ-2017,Eswatini,SWZ,2017,3390,0.16,4.6,1.9,4.396114826,12.27,586.97
SWZ-2018,Eswatini,SWZ,2018,3620,0.16,4.6,1.94,,12.75,633.43
SWZ-2019,Eswatini,SWZ,2019,3710,0.16,4.59,1.94,4.308100224,13.09,610.49
ETH-2015,Ethiopia,ETH,2015,600,0.08,4.59,0.88,,11.78,63.36
ETH-2016,Ethiopia,ETH,2016,670,0.08,4.7,0.91,4.379262447,12.21,67.64
ETH-2017,Ethiopia,ETH,2017,740,0.08,4.71,0.95,4.099555016,12.73,69.81
ETH-2018,Ethiopia,ETH,2018,800,0.09,4.73,0.98,4.549219608,13.27,71.28
ETH-2019,Ethiopia,ETH,2019,850,0.09,4.74,1.01,4.274700165,13.77,75.11
FJI-2015,Fiji,FJI,2015,5100,0.11,4.69,1.21,4.180315495,35.15,412.67
FJI-2016,Fiji,FJI,2016,5280,0.11,3.01,1.19,,35.04,414.29
FJI-2017,Fiji,FJI,2017,5370,0.11,3.01,1.18,,35.46,427.98
FJI-2018,Fiji,FJI,2018,5910,0.11,3.02,1.16,,35.52,485.16
FJI-2019,Fiji,FJI,2019,5800,0.11,3.03,1.14,,35.62,545.31
FIN-2015,Finland,FIN,2015,47180,0.52,3.01,1.57,,44.93,4097.82
FIN-2016,Finland,FIN,2016,45530,0.52,4.49,1.55,7.85810709,44.82,4212.09
FIN-2017,Finland,FIN,2017,44840,0.52,4.44,1.53,7.780347824,45,4339.1
FIN-2018,Finland,FIN,2018,48220,0.53,4.48,1.52,7.889349937,45.14,4490.18
FIN-2019,Finland,FIN,2019,49940,0.53,4.55,1.56,7.842100143,45.24,4710.22
FRA-2015,France,FRA,2015,41130,0.51,4.54,2.03,7.788251877,27.06,4682.67
FRA-2016,France,FRA,2016,39100,0.51,4.21,1.96,6.665903568,27.18,4930.49
FRA-2017,France,FRA,2017,38320,0.51,4.22,1.92,6.689644337,27.35,5059.99
FRA-2018,France,FRA,2018,41200,0.51,4.22,1.88,6.714111805,27.54,5220.8
FRA-2019,France,FRA,2019,42550,0.52,4.23,1.83,6.689899921,27.6,5492.53
GAB-2015,Gabon,GAB,2015,7970,0.18,4.21,1.36,6.635222435,20.07,390.63
GAB-2016,Gabon,GAB,2016,7080,0.18,5.65,1.39,4.783009052,20.43,443.97
GAB-2017,Gabon,GAB,2017,6510,0.18,5.65,1.42,4.914393425,20.91,417.3
GAB-2018,Gabon,GAB,2018,6830,0.19,5.65,1.44,,21.32,414.72
GAB-2019,Gabon,GAB,2019,7170,0.19,5.65,1.46,4.851799965,21.61,432.19
GMB-2015,Gambia,GMB,2015,620,0.09,5.65,0.78,4.782382965,16.49,65.65
GMB-2016,Gambia,GMB,2016,620,0.09,5.61,0.84,4.922099113,17.38,76.18
GMB-2017,Gambia,GMB,2017,660,0.09,5.61,0.9,5.163627148,18.48,85.91
GMB-2018,Gambia,GMB,2018,720,0.1,5.63,0.92,,18.84,108.05
GMB-2019,Gambia,GMB,2019,750,0.1,5.66,0.95,5.051000118,19.29,88.71
GEO-2015,Georgia,GEO,2015,4410,0.13,5.6,0.66,4.117938995,58.73,830.73
GEO-2016,Georgia,GEO,2016,4080,0.13,3.49,0.65,4.659097195,59.53,954.52
GEO-2017,Georgia,GEO,2017,4040,0.13,3.49,0.64,4.89183569,59.82,892.01
GEO-2018,Georgia,GEO,2018,4460,0.13,3.51,0.63,5.123143196,59.96,967.11
GEO-2019,Georgia,GEO,2019,4690,0.14,3.54,0.63,4.89139986,60.13,970.2
DEU-2015,Germany,DEU,2015,45780,0.46,3.49,1.27,4.45077467,37.84,5356.61
DEU-2016,Germany,DEU,2016,44280,0.46,3.84,1.25,7.118364334,37.76,5694.91
DEU-2017,Germany,DEU,2017,43760,0.46,3.8,1.25,7.035472393,37.76,6028.25
DEU-2018,Germany,DEU,2018,47470,0.47,3.76,1.24,7.311897755,37.83,6500.02
DEU-2019,Germany,DEU,2019,49190,0.47,3.7,1.22,7.154500008,37.95,6738.67
GHA-2015,Ghana,GHA,2015,1940,0.11,3.86,0.91,7.074324608,17,236.51
GHA-2016,Ghana,GHA,2016,1810,0.12,4.44,0.94,5.003693104,17.48,169.27
GHA-2017,Ghana,GHA,2017,1880,0.12,4.45,0.97,4.96680975,17.99,167.79
GHA-2018,Ghana,GHA,2018,2120,0.12,4.46,0.98,5.31948328,18.52,185.63
GHA-2019,Ghana,GHA,2019,2230,0.12,4.46,0.99,5.088399887,19.06,193.22
GRC-2015,Greece,GRC,2015,20190,0.48,4.43,0.45,5.481310844,41.51,2148.73
GRC-2016,Greece,GRC,2016,18640,0.48,5.27,0.44,5.40928936,41.38,2284.26
GRC-2017,Greece,GRC,2017,17960,0.48,5.33,0.42,5.952157497,42.25,2325.62
GRC-2018,Greece,GRC,2018,19080,0.48,5.41,0.4,5.787615776,43,2360.42
GRC-2019,Greece,GRC,2019,19670,0.47,5.5,0.39,5.722599983,43.46,2418.81
GRL-2015,Greenland,GRL,2015,,0.53,5.25,8.18,5.14824152,24.94,
GRL-2016,Greenland,GRL,2016,,0.54,6.57,7.89,,25.18,
GRL-2017,Greenland,GRL,2017,,0.54,6.59,7.68,,25.34,
GRL-2018,Greenland,GRL,2018,,0.54,6.52,7.4,,25.49,
GRL-2019,Greenland,GRL,2019,,0.55,6.36,7.03,,25.63,
GRD-2015,Grenada,GRD,2015,7750,0.22,6.56,0.7,,31.74,657.65
GRD-2016,Grenada,GRD,2016,8350,0.23,3.35,0.66,,32.26,666.92
GRD-2017,Grenada,GRD,2017,8740,0.23,3.35,0.64,,32.15,755.16
GRD-2018,Grenada,GRD,2018,9610,0.23,3.36,0.64,,32.17,787.51
GRD-2019,Grenada,GRD,2019,9750,0.23,3.38,0.63,,32.17,879.51
GUM-2015,Guam,GUM,2015,,0.19,3.35,3.15,,41.22,
GUM-2016,Guam,GUM,2016,,0.19,3.36,3.14,,41.53,
GUM-2017,Guam,GUM,2017,,0.19,3.36,3.06,,41.66,
GUM-2018,Guam,GUM,2018,,0.19,3.36,2.97,,41.76,
GUM-2019,Guam,GUM,2019,,0.19,3.36,2.83,,42.01,
GTM-2015,Guatemala,GTM,2015,3700,0.19,3.36,0.96,,16.07,471.42
GTM-2016,Guatemala,GTM,2016,3870,0.19,3.86,0.97,6.626591682,16.3,476.33
GTM-2017,Guatemala,GTM,2017,4100,0.19,3.87,0.99,6.262175083,16.51,485.64
GTM-2018,Guatemala,GTM,2018,4400,0.19,3.86,0.99,,16.53,502.32
GTM-2019,Guatemala,GTM,2019,4610,0.2,3.84,1,6.434500217,16.77,529.12
GIN-2015,Guinea,GIN,2015,760,0.09,3.85,0.64,6.325118542,11.97,105.69
GIN-2016,Guinea,GIN,2016,780,0.09,4.43,0.66,5.25222683,12.19,112.18
GIN-2017,Guinea,GIN,2017,820,0.09,4.43,0.67,4.76768446,12.38,94.66
GIN-2018,Guinea,GIN,2018,860,0.09,4.44,0.69,,12.62,103.91
GIN-2019,Guinea,GIN,2019,950,0.09,4.44,0.7,4.984300137,12.74,119.59
GNB-2015,Guinea-Bissau,GNB,2015,640,0.09,4.43,1,4.873722553,13.54,142.8
GNB-2016,Guinea-Bissau,GNB,2016,650,0.09,4.56,1.03,,13.94,153.64
GNB-2017,Guinea-Bissau,GNB,2017,680,0.09,4.57,1.05,,14.3,146.73
GNB-2018,Guinea-Bissau,GNB,2018,720,0.09,4.57,1.07,,14.54,157.08
GNB-2019,Guinea-Bissau,GNB,2019,800,0.09,4.58,1.1,,14.94,186.43
GUY-2015,Guyana,GUY,2015,5470,0.19,4.56,4.06,,35.54,450.47
GUY-2016,Guyana,GUY,2016,5600,0.19,5.18,4.05,,35.75,453.95
GUY-2017,Guyana,GUY,2017,5910,0.19,5.18,4.04,,35.86,518.52
GUY-2018,Guyana,GUY,2018,6290,0.19,5.15,3.96,,36.14,626.93
GUY-2019,Guyana,GUY,2019,6630,0.19,5.1,3.74,,36.37,673.57
HTI-2015,Haiti,HTI,2015,1410,0.12,5.18,0.96,,24.54,147.11
HTI-2016,Haiti,HTI,2016,1360,0.12,3.7,0.97,3.614928007,24.78,148.27
HTI-2017,Haiti,HTI,2017,1340,0.12,3.7,1,,25.68,142.71
HTI-2018,Haiti,HTI,2018,1410,0.12,3.71,1.01,,26.17,140.23
HTI-2019,Haiti,HTI,2019,1390,0.12,3.72,1.02,3.614900112,26.51,143.45
HND-2015,Honduras,HND,2015,2060,0.17,3.69,0.41,3.823865652,25.41,360.97
HND-2016,Honduras,HND,2016,2120,0.17,3.3,0.45,5.908423901,28.11,395.87
HND-2017,Honduras,HND,2017,2250,0.17,3.3,0.45,5.930051327,28.31,388.78
HND-2018,Honduras,HND,2018,2330,0.17,3.3,0.46,,28.5,419.45
HND-2019,Honduras,HND,2019,2390,0.17,3.29,0.46,5.919199944,28.63,435.68
HUN-2015,Hungary,HUN,2015,13230,0.19,3.29,1.64,6.019985676,47.83,1834.46
HUN-2016,Hungary,HUN,2016,13100,0.19,3.05,1.58,5.935770988,47.56,1949.25
HUN-2017,Hungary,HUN,2017,13190,0.19,3.06,1.52,6.000259876,47.83,1988.7
HUN-2018,Hungary,HUN,2018,14980,0.2,3.05,1.5,6.038049698,47.99,2083.19
HUN-2019,Hungary,HUN,2019,16520,0.2,3.04,1.47,5.991600037,47.99,2155.91
ISL-2015,Iceland,ISL,2015,49940,0.48,3.04,1.89,6.065038681,34.62,3977.3
ISL-2016,Iceland,ISL,2016,54910,0.49,3.19,1.88,,34.32,4372.53
ISL-2017,Iceland,ISL,2017,60230,0.49,3.19,1.85,7.532504559,34.07,4762.73
ISL-2018,Iceland,ISL,2018,67760,0.5,3.2,1.77,7.575489521,34.02,5304.02
ISL-2019,Iceland,ISL,2019,72900,0.5,3.22,1.76,7.553899765,34.25,5636.41
IND-2015,India,IND,2015,1600,0.12,3.2,2.01,7.476213932,25.52,196.5
IND-2016,India,IND,2016,1680,0.13,3.8,2.01,3.818068743,26.27,204.65
IND-2017,India,IND,2017,1820,0.13,3.8,2.02,3.24876976,26.66,181.53
IND-2018,India,IND,2018,2010,0.13,3.78,2.07,4.225281239,27.04,195.57
IND-2019,India,IND,2019,2100,0.13,3.75,2.08,3.818900108,27.4,211
IDN-2015,Indonesia,IDN,2015,3430,0.11,3.81,0.45,4.046111107,36.83,299.66
IDN-2016,Indonesia,IDN,2016,3400,0.11,2.47,0.45,5.340295792,37.19,317.09
IDN-2017,Indonesia,IDN,2017,3530,0.11,2.47,0.45,5.346512794,37.49,317.59
IDN-2018,Indonesia,IDN,2018,3840,0.11,2.48,0.45,,37.77,334.03
IDN-2019,Indonesia,IDN,2019,4050,0.12,2.52,0.45,5.344500065,38.19,358.29
IRN-2015,Iran,IRN,2015,5710,0.26,2.48,1.25,5.098401546,42.15,1024.3
IRN-2016,Iran,IRN,2016,5730,0.26,5.24,1.24,4.278117657,43.08,1200.92
IRN-2017,Iran,IRN,2017,5750,0.26,5.23,1.21,5.006145954,43.64,1225.07
IRN-2018,Iran,IRN,2018,5110,0.27,5.18,1.16,4.864528179,43.88,1167.87
IRN-2019,Iran,IRN,2019,4260,0.27,5.1,1.07,4.721199989,44.39,868.18
IRQ-2015,Iraq,IRQ,2015,5800,0.21,5.23,1.05,4.716783047,35.19,326.63
IRQ-2016,Iraq,IRQ,2016,5340,0.21,4.14,1.03,4.8864007,35.33,330.97
IRQ-2017,Iraq,IRQ,2017,4640,0.22,4.14,1.06,,36.64,452.6
IRQ-2018,Iraq,IRQ,2018,5040,0.22,4.14,1.2,4.78516531,43.38,448.39
IRQ-2019,Iraq,IRQ,2019,5780,0.22,4.13,1.15,4.854100227,44.53,483.34
IRL-2015,Ireland,IRL,2015,50390,0.46,4.14,1.56,4.462399006,32.24,5077.48
IRL-2016,Ireland,IRL,2016,51810,0.48,4.55,1.48,6.962335587,32.16,5356.19
IRL-2017,Ireland,IRL,2017,53350,0.49,4.68,1.43,7.254841328,32.04,5582.93
IRL-2018,Ireland,IRL,2018,59350,0.5,4.68,1.4,7.034930706,31.99,5869.54
IRL-2019,Ireland,IRL,2019,63300,0.5,4.65,1.35,7.085299969,31.98,6010.07
ISR-2015,Israel,ISR,2015,36200,0.4,4.42,1.18,7.060155392,25.55,2645.22
ISR-2016,Israel,ISR,2016,36540,0.41,4.45,1.18,6.92717886,25.49,2857.23
ISR-2017,Israel,ISR,2017,37970,0.41,4.45,1.16,7.331779957,25.67,2992.02
ISR-2018,Israel,ISR,2018,41320,0.42,4.45,1.14,7.194928169,25.75,3220.53
ISR-2019,Israel,ISR,2019,43540,0.42,4.47,1.14,7.157100201,25.86,3326.25
ITA-2015,Italy,ITA,2015,33000,0.58,4.47,0.72,7.331036091,36.26,3264.64
ITA-2016,Italy,ITA,2016,31970,0.58,3.79,0.7,6.516526699,36.13,3481.57
ITA-2017,Italy,ITA,2017,31380,0.59,3.78,0.69,6.445416927,36.41,3616.67
ITA-2018,Italy,ITA,2018,33850,0.59,3.79,0.68,6.488356113,36.67,3855.1
ITA-2019,Italy,ITA,2019,34940,0.59,3.83,0.67,6.483099937,36.82,3998.01
JAM-2015,Jamaica,JAM,2015,4700,0.2,3.8,,6.198870182,32.94,494.53
JAM-2016,Jamaica,JAM,2016,4600,0.2,3.09,0.43,,32.75,524.15
JAM-2017,Jamaica,JAM,2017,4750,0.2,3.09,0.44,6.309238911,32.79,590.26
JAM-2018,Jamaica,JAM,2018,5010,0.2,3.13,0.44,,32.82,595.95
JAM-2019,Jamaica,JAM,2019,5250,0.2,3.2,0.44,6.30919981,32.86,597.85
JPN-2015,Japan,JPN,2015,39380,0.42,3.09,0.45,5.889759064,26.06,4367.5
JPN-2016,Japan,JPN,2016,38460,0.42,2.3,2.05,5.793575287,26.11,4303.92
JPN-2017,Japan,JPN,2017,38930,0.42,2.3,1.95,5.908039093,26.22,4398.02
JPN-2018,Japan,JPN,2018,41770,0.42,2.3,1.86,6.117963314,26.44,4531.75
JPN-2019,Japan,JPN,2019,42010,0.42,2.3,1.82,5.940499783,26.61,4587.03
JOR-2015,Jordan,JOR,2015,3950,0.2,2.3,1.77,5.910676479,34.64,706.16
JOR-2016,Jordan,JOR,2016,4000,0.2,4.31,0.79,4.638933659,34.84,676
JOR-2017,Jordan,JOR,2017,4080,0.2,4.3,0.79,4.452548027,35.33,798.47
JOR-2018,Jordan,JOR,2018,4270,0.2,4.33,0.79,4.093991756,35.04,798.11
JOR-2019,Jordan,JOR,2019,4410,0.21,4.4,0.77,4.394599915,36.58,797.45
KAZ-2015,Kazakhstan,KAZ,2015,11380,0.17,4.34,0.81,4.808082581,47.82,704.96
KAZ-2016,Kazakhstan,KAZ,2016,8770,0.17,3.69,3.26,6.00763607,47.28,813.48
KAZ-2017,Kazakhstan,KAZ,2017,8040,0.17,3.69,3.14,6.272268295,45.59,757.16
KAZ-2018,Kazakhstan,KAZ,2018,8070,0.17,3.69,3.09,6.168269157,46.66,735.6
KAZ-2019,Kazakhstan,KAZ,2019,8820,0.17,3.67,3.05,6.151800156,46.89,765.49
KEN-2015,Kenya,KEN,2015,1300,0.1,3.69,3.06,5.882351398,12.07,175.47
KEN-2016,Kenya,KEN,2016,1460,0.11,4.85,0.96,4.655702591,12.56,186.89
KEN-2017,Kenya,KEN,2017,1510,0.11,4.85,0.99,4.618850231,13.01,167.55
KEN-2018,Kenya,KEN,2018,1680,0.11,4.85,1.02,4.546584129,13.46,185.41
KEN-2019,Kenya,KEN,2019,1830,0.11,4.86,1.05,4.606599808,13.82,207.62
KIR-2015,Kiribati,KIR,2015,3450,0.07,4.86,1.07,4.475654125,29.21,168.61
KIR-2016,Kiribati,KIR,2016,2800,0.07,3.05,2.67,,29.5,205.91
KIR-2017,Kiribati,KIR,2017,2930,0.07,3.05,2.68,,29.79,238.75
KIR-2018,Kiribati,KIR,2018,3170,0.07,3.05,2.68,,28.1,275.12
KIR-2019,Kiribati,KIR,2019,3440,0.07,3.06,2.49,,30.3,246.99
KWT-2015,Kuwait,KWT,2015,41820,0.38,3.05,2.62,,39.12,1990.74
KWT-2016,Kuwait,KWT,2016,35330,0.37,4.28,1.4,,40.09,2114.07
KWT-2017,Kuwait,KWT,2017,31400,0.37,4.28,1.39,6.106119633,40.54,2366.48
KWT-2018,Kuwait,KWT,2018,33710,0.37,4.31,1.36,,40.79,2636.89
KWT-2019,Kuwait,KWT,2019,36200,0.37,4.35,1.35,6.106100082,41.13,2861.19
KGZ-2015,Kyrgyzstan,KGZ,2015,1180,0.1,4.28,1.35,6.093905449,50.2,301.22
KGZ-2016,Kyrgyzstan,KGZ,2016,1110,0.1,3.59,1.72,5.297383308,50.61,300.43
KGZ-2017,Kyrgyzstan,KGZ,2017,1110,0.1,3.59,1.68,5.685220718,50.91,312.61
KGZ-2018,Kyrgyzstan,KGZ,2018,1220,0.1,3.59,1.67,6.249586105,50.47,264.24
KGZ-2019,Kyrgyzstan,KGZ,2019,1240,0.1,3.58,1.73,5.743599892,50.41,260.35
LAO-2015,Laos,LAO,2015,1980,0.09,3.6,0.99,5.629536629,27.76,151.35
LAO-2016,Laos,LAO,2016,2130,0.1,2.84,1,4.85940218,28.39,161.57
LAO-2017,Laos,LAO,2017,2260,0.1,2.84,1.01,5.196856022,29.04,183.27
LAO-2018,Laos,LAO,2018,2490,0.1,2.85,0.99,5.284390926,29.67,174.71
LAO-2019,Laos,LAO,2019,2540,0.1,2.85,0.96,5.03000021,30.45,212.37
LVA-2015,Latvia,LVA,2015,15110,0.17,2.84,1.56,4.623140812,56.52,1405.4
LVA-2016,Latvia,LVA,2016,14800,0.17,4.02,1.48,5.901154041,57.06,1631.07
LVA-2017,Latvia,LVA,2017,14870,0.18,4.02,1.47,5.969753742,57.2,1703.6
LVA-2018,Latvia,LVA,2018,16550,0.18,4.03,1.44,6.229008675,57.41,1899.7
LVA-2019,Latvia,LVA,2019,17810,0.18,4.05,1.43,6.032000065,57.55,2098.45
LBN-2015,Lebanon,LBN,2015,7290,0.24,4.02,0.54,5.977817535,47.78,1117.19
LBN-2016,Lebanon,LBN,2016,7220,0.24,5.29,0.54,5.167186737,47.89,1225.22
LBN-2017,Lebanon,LBN,2017,7460,0.24,5.25,0.53,4.024219513,47.81,1245.02
LBN-2018,Lebanon,LBN,2018,7590,0.24,5.14,0.52,,47.28,1385.16
LBN-2019,Lebanon,LBN,2019,7280,0.24,4.94,0.52,4.583799839,48.24,1288.81
LSO-2015,Lesotho,LSO,2015,1310,0.11,5.31,2.09,5.153989792,11.46,279.68
LSO-2016,Lesotho,LSO,2016,1270,0.11,5.69,2.16,,11.74,262.79
LSO-2017,Lesotho,LSO,2017,1190,0.11,5.69,2.23,3.5117805,12.07,268.29
LSO-2018,Lesotho,LSO,2018,1230,0.11,5.71,2.26,,12.26,287.31
LSO-2019,Lesotho,LSO,2019,1330,0.11,5.74,2.26,3.511800051,12.37,313.61
LBR-2015,Liberia,LBR,2015,650,0.08,5.68,0.71,3.795300722,11.87,133.6
LBR-2016,Liberia,LBR,2016,640,0.08,4.9,0.78,4.134852886,13.08,135.06
LBR-2017,Liberia,LBR,2017,640,0.08,4.9,0.81,5.121460915,13.48,139.9
LBR-2018,Liberia,LBR,2018,630,0.08,4.81,0.84,,14.02,138.61
LBR-2019,Liberia,LBR,2019,610,0.08,4.61,0.87,4.625199795,14.45,126.02
LBY-2015,Libya,LBY,2015,8380,0.23,4.9,1.05,4.424490929,34.07,
LBY-2016,Libya,LBY,2016,7730,0.22,4.56,1.01,5.493977547,34.26,
LBY-2017,Libya,LBY,2017,9900,0.22,4.55,1.1,5.33022213,38.51,
LBY-2018,Libya,LBY,2018,11180,0.21,4.57,1.09,,39.14,
LBY-2019,Libya,LBY,2019,10200,0.21,4.6,1.09,5.410299778,40.26,
LTU-2015,Lithuania,LTU,2015,15190,0.18,4.57,2.65,5.646852493,54.38,1861.01
LTU-2016,Lithuania,LTU,2016,14890,0.18,4.3,2.55,6.308878899,54.44,2038.2
LTU-2017,Lithuania,LTU,2017,15280,0.18,4.31,2.37,6.064097881,54.9,2178.09
LTU-2018,Lithuania,LTU,2018,17470,0.18,4.31,2.28,6.39137888,55.19,2443.35
LTU-2019,Lithuania,LTU,2019,19060,0.19,4.29,2.22,6.255400181,55.35,2796.82
LUX-2015,Luxembourg,LUX,2015,73530,0.62,4.29,1.74,6.272940636,31.97,5545.2
LUX-2016,Luxembourg,LUX,2016,73730,0.62,3.54,1.72,7.242630959,31.84,5806.3
LUX-2017,Luxembourg,LUX,2017,75800,0.62,3.54,1.71,7.404015541,31.98,5980.64
LUX-2018,Luxembourg,LUX,2018,79540,0.62,3.54,1.7,,32.05,6423.08
LUX-2019,Luxembourg,LUX,2019,77110,0.63,3.54,1.67,7.324399948,32.12,6756.88
MDG-2015,Madagascar,MDG,2015,490,0.09,3.54,0.84,7.061380863,19.38,76.91
MDG-2016,Madagascar,MDG,2016,470,0.09,4.83,0.87,4.070586681,19.9,84.46
MDG-2017,Madagascar,MDG,2017,470,0.09,4.84,0.89,4.339087486,20.42,76.75
MDG-2018,Madagascar,MDG,2018,500,0.09,4.85,0.91,,21,69.98
MDG-2019,Madagascar,MDG,2019,520,0.09,4.87,0.93,4.208499908,21.54,65.23
MWI-2015,Malawi,MWI,2015,350,0.08,4.82,0.9,4.078620434,11.53,95.53
MWI-2016,Malawi,MWI,2016,340,0.08,4.21,0.93,3.334633589,11.88,112.73
MWI-2017,Malawi,MWI,2017,380,0.08,4.22,0.97,3.869123697,12.37,111.65
MWI-2018,Malawi,MWI,2018,440,0.08,4.22,1.01,,12.97,104.85
MWI-2019,Malawi,MWI,2019,560,0.08,4.22,1.03,3.599999905,13.43,81.7
MYS-2015,Malaysia,MYS,2015,10680,0.15,4.21,1.01,3.416862965,32.26,946.98
MYS-2016,Malaysia,MYS,2016,10150,0.15,3.85,1.02,5.338817596,32.62,941.55
MYS-2017,Malaysia,MYS,2017,9950,0.16,3.85,1.02,5.427954197,32.83,987.58
MYS-2018,Malaysia,MYS,2018,10650,0.16,3.86,1.02,,33.15,1058.13
MYS-2019,Malaysia,MYS,2019,11260,0.16,3.89,1.02,5.384300232,33.44,1132.99
MDV-2015,Maldives,MDV,2015,7650,0.12,3.85,1.25,,33.28,1457.26
MDV-2016,Maldives,MDV,2016,8070,0.12,3.07,1.29,5.197574615,33.52,1790.04
MDV-2017,Maldives,MDV,2017,8600,0.13,3.06,1.32,,33.92,1668.81
MDV-2018,Maldives,MDV,2018,9210,0.13,3.05,1.33,,34.41,1473.38
MDV-2019,Maldives,MDV,2019,9640,0.13,3.05,1.34,5.197599888,34.77,1639.8
MLI-2015,Mali,MLI,2015,800,0.09,3.08,0.41,,8.95,83.57
MLI-2016,Mali,MLI,2016,780,0.09,3.55,0.43,4.415729523,9.23,82.61
MLI-2017,Mali,MLI,2017,770,0.09,3.56,0.45,4.98799181,9.42,82.55
MLI-2018,Mali,MLI,2018,830,0.09,3.58,0.46,,9.54,87.32
MLI-2019,Mali,MLI,2019,860,0.09,3.6,0.47,4.723499775,9.71,94.55
MLT-2015,Malta,MLT,2015,25230,0.44,3.54,0.7,4.741850376,39.36,3373.24
MLT-2016,Malta,MLT,2016,23440,0.44,3.33,0.68,6.909710884,39.5,3599.07
MLT-2017,Malta,MLT,2017,24710,0.45,3.33,0.66,6.73297739,39.47,3873.25
MLT-2018,Malta,MLT,2018,27950,0.46,3.37,0.65,6.156822681,39.48,4121.23
MLT-2019,Malta,MLT,2019,29330,0.46,3.44,0.64,6.602000237,39.44,4039.61
MHL-2015,Marshall Islands,MHL,2015,4290,0.08,3.34,3.03,6.675665855,35.83,513.86
MHL-2016,Marshall Islands,MHL,2016,4250,0.08,2.98,2.99,,36.09,532.44
MHL-2017,Marshall Islands,MHL,2017,4440,0.08,2.99,2.96,,36.41,517.25
MHL-2018,Marshall Islands,MHL,2018,4840,0.09,2.99,2.89,,36.7,574.38
MHL-2019,Marshall Islands,MHL,2019,5050,0.09,2.99,2.81,,36.95,592.61
MRT-2015,Mauritania,MRT,2015,1640,0.11,2.98,0.7,,17.7,154.3
MRT-2016,Mauritania,MRT,2016,1510,0.12,3.73,0.7,4.313615322,17.77,145.54
MRT-2017,Mauritania,MRT,2017,1530,0.12,3.73,0.73,4.152619362,18.39,169.44
MRT-2018,Mauritania,MRT,2018,1640,0.12,3.74,0.73,,18.62,184.87
MRT-2019,Mauritania,MRT,2019,1720,0.12,3.76,0.74,4.227399826,18.9,187.05
MUS-2015,Mauritius,MUS,2015,10700,0.14,3.72,1.23,4.678159714,29.96,1098.83
MUS-2016,Mauritius,MUS,2016,10640,0.14,3.95,1.17,5.88174057,30.14,1182.88
MUS-2017,Mauritius,MUS,2017,10980,0.14,3.95,1.13,6.241165161,30.28,1244.21
MUS-2018,Mauritius,MUS,2018,12270,0.14,3.95,1.09,6.015300274,30.66,1332.72
MUS-2019,Mauritius,MUS,2019,12840,0.14,3.95,1.06,6.048999786,30.9,1475.96
MEX-2015,Mexico,MEX,2015,10160,0.25,3.96,1.1,6.174117565,22.62,1047.35
MEX-2016,Mexico,MEX,2016,9390,0.25,3.76,1.11,6.549578667,22.63,1073.13
MEX-2017,Mexico,MEX,2017,8920,0.26,3.76,1.13,6.431945324,22.61,1076.31
MEX-2018,Mexico,MEX,2018,9180,0.26,3.76,1.12,5.964221001,22.53,1089.61
MEX-2019,Mexico,MEX,2019,9470,0.26,3.77,1.06,6.316800117,22.69,1110.94
FSM-2015,Micronesia (country),FSM,2015,3490,0.08,3.75,2.59,6.410299301,35.01,366.98
FSM-2016,Micronesia (country),FSM,2016,3410,0.08,3.01,2.58,,35.17,390.33
FSM-2017,Micronesia (country),FSM,2017,3450,0.08,3.01,2.56,,35.25,375.87
FSM-2018,Micronesia (country),FSM,2018,3400,0.08,3.01,2.52,,35.27,365.43
FSM-2019,Micronesia (country),FSM,2019,3940,0.08,3.02,2.47,,35.28,364.21
MDA-2015,Moldova,MDA,2015,3300,0.11,3.01,1.53,,55.9,631.46
MDA-2016,Moldova,MDA,2016,3180,0.11,3.46,1.47,5.682277203,56.58,630.58
MDA-2017,Moldova,MDA,2017,3330,0.11,3.46,1.39,5.803450584,57.32,809.84
MDA-2018,Moldova,MDA,2018,3920,0.12,3.46,1.34,5.811628819,57.52,827.61
MDA-2019,Moldova,MDA,2019,4580,0.12,3.45,1.34,5.76639986,57.17,860.19
MCO-2015,Monaco,MCO,2015,,0.91,3.45,1.08,5.325530529,31.4,3729.56
MCO-2016,Monaco,MCO,2016,,0.93,4.47,1.07,,31.24,3102.07
MCO-2017,Monaco,MCO,2017,,0.94,4.46,1.06,,31.11,3057.19
MCO-2018,Monaco,MCO,2018,,0.95,4.46,1.05,,30.93,2982.88
MCO-2019,Monaco,MCO,2019,,0.96,4.47,1.04,,30.74,3079.91
MNG-2015,Mongolia,MNG,2015,3800,0.13,4.47,2.78,,36.96,456.35
MNG-2016,Mongolia,MNG,2016,3490,0.14,4.25,2.68,5.464622974,37.83,475.21
MNG-2017,Mongolia,MNG,2017,3240,0.14,4.26,2.63,5.562905312,38.22,453.04
MNG-2018,Mongolia,MNG,2018,3690,0.14,4.24,2.53,6.011364937,38.74,470.46
MNG-2019,Mongolia,MNG,2019,3850,0.14,4.2,2.38,5.677199841,39.46,484.39
MNE-2015,Montenegro,MNE,2015,7260,0.16,4.24,1.7,5.333850384,58.88,1462.45
MNE-2016,Montenegro,MNE,2016,7090,0.16,3.03,1.73,5.650189877,58.71,1558.64
MNE-2017,Montenegro,MNE,2017,7410,0.16,3.04,1.72,5.386024952,58.65,1563.1
MNE-2018,Montenegro,MNE,2018,8450,0.16,3.04,1.72,5.722162724,58.39,1838.01
MNE-2019,Montenegro,MNE,2019,9140,0.17,3.03,1.71,5.580500126,58.05,1983.61
MAR-2015,Morocco,MAR,2015,3020,0.19,3.02,1.15,5.614798546,49.63,361.25
MAR-2016,Morocco,MAR,2016,2880,0.19,5.32,1.14,4.896791935,50.09,378.43
MAR-2017,Morocco,MAR,2017,2880,0.19,5.32,1.13,5.056751728,50.54,388.71
MAR-2018,Morocco,MAR,2018,3090,0.19,5.32,1.12,4.80261755,50.98,413.17
MAR-2019,Morocco,MAR,2019,3200,0.2,5.32,1.12,4.918000221,51.32,424.5
MOZ-2015,Mozambique,MOZ,2015,640,0.08,5.33,0.83,5.312482834,10.9,86.73
MOZ-2016,Mozambique,MOZ,2016,530,0.08,5.04,0.86,4.653713703,11.22,97.81
MOZ-2017,Mozambique,MOZ,2017,470,0.08,5.04,0.88,4.932132721,11.52,99.6
MOZ-2018,Mozambique,MOZ,2018,460,0.08,5.06,0.9,,11.77,106.91
MOZ-2019,Mozambique,MOZ,2019,490,0.09,5.09,0.92,4.794499874,11.96,104.82
MMR-2015,Myanmar,MMR,2015,1170,0.09,5.04,0.5,4.279863358,30.35,224.89
MMR-2016,Myanmar,MMR,2016,1200,0.09,2.23,0.5,4.410633087,31.02,206.13
MMR-2017,Myanmar,MMR,2017,1180,0.09,2.22,0.47,4.43423748,31.12,214.63
MMR-2018,Myanmar,MMR,2018,1220,0.1,2.24,0.46,4.431364059,32.46,222.52
MMR-2019,Myanmar,MMR,2019,1270,0.1,2.26,0.46,4.425799847,32.86,226.83
NAM-2015,Namibia,NAM,2015,5310,0.16,2.23,1.28,4.154341698,18.1,1061.32
NAM-2016,Namibia,NAM,2016,4740,0.16,3.71,1.3,4.834087849,18.39,972.05
NAM-2017,Namibia,NAM,2017,4620,0.16,3.71,1.32,4.435811043,18.74,887.53
NAM-2018,Namibia,NAM,2018,4920,0.17,3.72,1.37,4.451010227,19.39,859.92
NAM-2019,Namibia,NAM,2019,5170,0.17,3.74,1.37,4.574100018,19.83,867.35
NRU-2015,Nauru,NRU,2015,13690,0.11,3.71,3.26,4.441306114,34.18,1803.03
NRU-2016,Nauru,NRU,2016,12720,0.11,3.28,3.27,,34.28,1462.48
NRU-2017,Nauru,NRU,2017,12310,0.11,3.28,3.28,,34.47,1498.89
NRU-2018,Nauru,NRU,2018,14500,0.12,3.28,3.27,,34.61,1207.64
NRU-2019,Nauru,NRU,2019,16230,0.12,3.29,3.25,,34.75,1389.73
NPL-2015,Nepal,NPL,2015,890,0.1,3.28,1.74,,21.29,163.78
NPL-2016,Nepal,NPL,2016,880,0.1,5,1.82,4.910086632,22.71,162.15
NPL-2017,Nepal,NPL,2017,990,0.11,5.01,1.81,5.448724747,23.16,168.34
NPL-2018,Nepal,NPL,2018,1120,0.11,5.03,1.81,,23.64,171.21
NPL-2019,Nepal,NPL,2019,1230,0.11,5.06,1.82,5.268899918,24.04,176.96
NLD-2015,Netherlands,NLD,2015,49850,0.41,5,1.41,4.736692429,26.82,5203.8
NLD-2016,Netherlands,NLD,2016,46930,0.42,3.83,1.4,7.463097095,26.81,5398.93
NLD-2017,Netherlands,NLD,2017,47160,0.42,3.88,1.36,7.42526865,26.97,5602.59
NLD-2018,Netherlands,NLD,2018,51320,0.42,3.89,1.32,7.504447937,27.04,6009.47
NLD-2019,Netherlands,NLD,2019,53230,0.42,3.9,1.28,7.464000225,27.11,6248.15
NZL-2015,New Zealand,NZL,2015,40660,0.65,3.79,1.64,7.458965302,34.25,3475.54
NZL-2016,New Zealand,NZL,2016,39440,0.66,4.13,1.63,7.370285988,34.39,3734.82
NZL-2017,New Zealand,NZL,2017,38870,0.67,4.13,1.59,7.205174446,34.42,3875.54
NZL-2018,New Zealand,NZL,2018,41650,0.67,4.13,1.52,7.257381916,34.6,4095.71
NZL-2019,New Zealand,NZL,2019,43050,0.67,4.12,1.49,7.276599884,34.63,4439.35
NIC-2015,Nicaragua,NIC,2015,1890,0.17,4.13,1.27,7.32718277,27.2,421.55
NIC-2016,Nicaragua,NIC,2016,1960,0.17,3.45,1.33,5.81895256,27.18,458.3
NIC-2017,Nicaragua,NIC,2017,2030,0.17,3.46,1.26,6.112545013,27.44,500.54
NIC-2018,Nicaragua,NIC,2018,1970,0.17,3.46,1.22,,27.86,500.9
NIC-2019,Nicaragua,NIC,2019,1890,0.18,3.45,1.21,5.972099781,28.12,474.52
NER-2015,Niger,NER,2015,560,0.08,3.45,0.42,6.476356506,7.57,61.24
NER-2016,Niger,NER,2016,530,0.08,4.26,0.43,5.164007187,7.83,52.04
NER-2017,Niger,NER,2017,520,0.08,4.27,0.45,5.003544331,8.14,64.86
NER-2018,Niger,NER,2018,570,0.08,4.28,0.47,,8.37,65.05
NER-2019,Niger,NER,2019,590,0.08,4.3,0.48,5.074100018,8.51,72.48
NGA-2015,Nigeria,NGA,2015,2820,0.13,4.25,0.45,4.615673542,9.24,194.37
NGA-2016,Nigeria,NGA,2016,2430,0.13,3.86,0.46,5.252288342,9.45,190.95
NGA-2017,Nigeria,NGA,2017,2090,0.13,3.87,0.47,4.356419086,9.74,194.81
NGA-2018,Nigeria,NGA,2018,1960,0.13,3.87,0.49,5.502948284,10,163.21
NGA-2019,Nigeria,NGA,2019,2030,0.13,3.87,0.5,4.759300232,10.27,162.31
NIU-2015,Niue,NIU,2015,,0.12,3.86,1.02,5.321928024,39.24,1178.73
NIU-2016,Niue,NIU,2016,,0.12,3.3,1.02,,39.18,1070.5
NIU-2017,Niue,NIU,2017,,0.12,3.3,1.03,,39.18,1246.34
NIU-2018,Niue,NIU,2018,,0.12,3.3,1.03,,39.15,1400.97
NIU-2019,Niue,NIU,2019,,0.12,3.3,1.03,,39.09,959.27
PRK-2015,North Korea,PRK,2015,,0.07,3.29,1.3,,42.48,
PRK-2016,North Korea,PRK,2016,,0.07,2.82,1.28,,42.54,
PRK-2017,North Korea,PRK,2017,,0.07,2.82,1.27,,42.84,
PRK-2018,North Korea,PRK,2018,,0.07,2.82,1.26,,43.05,
PRK-2019,North Korea,PRK,2019,,0.07,2.83,1.24,,43.3,
MKD-2015,North Macedonia,MKD,2015,5130,0.15,2.83,0.9,,58.16,876.98
MKD-2016,North Macedonia,MKD,2016,5000,0.15,2.74,0.9,5.239834785,57.96,961.88
MKD-2017,North Macedonia,MKD,2017,4940,0.15,2.74,0.89,5.015485287,58.21,1035.25
MKD-2018,North Macedonia,MKD,2018,5500,0.15,2.75,0.88,5.053664207,58.34,1127.28
MKD-2019,North Macedonia,MKD,2019,5890,0.15,2.76,0.88,5.101200104,58.35,1313.56
-2015,Northern Ireland,,2015,,0.44,4.8,1.42,,28.93,
-2016,Northern Ireland,,2016,,0.45,4.7,1.34,,28.75,
-2017,Northern Ireland,,2017,,0.45,4.61,1.27,,29.23,
-2018,Northern Ireland,,2018,,0.45,4.6,1.23,,29.54,
-2019,Northern Ireland,,2019,,0.45,4.61,1.19,,29.77,
MNP-2015,Northern Mariana Islands,MNP,2015,,0.15,2.9,2.53,,32.24,
MNP-2016,Northern Mariana Islands,MNP,2016,,0.15,2.9,2.5,,32.71,
MNP-2017,Northern Mariana Islands,MNP,2017,,0.16,2.9,2.41,,32.81,
MNP-2018,Northern Mariana Islands,MNP,2018,,0.16,2.91,2.32,,32.74,
MNP-2019,Northern Mariana Islands,MNP,2019,,0.16,2.93,2.24,,33.05,
NOR-2015,Norway,NOR,2015,92910,0.49,3.41,1.4,7.578744888,31.02,6142.44
NOR-2016,Norway,NOR,2016,81370,0.5,3.49,1.41,7.444262028,30.64,6271.01
NOR-2017,Norway,NOR,2017,75650,0.51,3.55,1.4,7.442139626,30.34,6630.84
NOR-2018,Norway,NOR,2018,80320,0.51,3.55,1.37,7.290032387,30.7,7009.25
NOR-2019,Norway,NOR,2019,81670,0.51,3.51,1.36,7.392499924,30.74,7217.39
OMN-2015,Oman,OMN,2015,20160,0.28,4.07,0.88,,40.94,1349.44
OMN-2016,Oman,OMN,2016,18190,0.28,4.05,0.87,,40.86,1260.2
OMN-2017,Oman,OMN,2017,16130,0.28,4.05,0.88,,40.99,1154.78
OMN-2018,Oman,OMN,2018,16370,0.28,4.08,0.92,,40.46,1201.93
OMN-2019,Oman,OMN,2019,16430,0.28,4.13,0.95,,40.39,1160.78
PAK-2015,Pakistan,PAK,2015,1260,0.12,3.98,1.08,5.830870628,21.04,117.51
PAK-2016,Pakistan,PAK,2016,1360,0.12,3.97,1.1,5.471553802,21.35,127.58
PAK-2017,Pakistan,PAK,2017,1490,0.12,3.97,1.12,4.442717552,21.72,132.67
PAK-2018,Pakistan,PAK,2018,1670,0.13,4.02,1.15,,22.34,155.46
PAK-2019,Pakistan,PAK,2019,1620,0.13,4.1,1.18,4.934000015,22.73,165.55
PLW-2015,Palau,PLW,2015,15860,0.12,3.26,1.33,,30.88,2028.04
PLW-2016,Palau,PLW,2016,16720,0.12,3.25,1.31,,30.96,2188.93
PLW-2017,Palau,PLW,2017,16540,0.13,3.25,1.29,,31.11,2163.06
PLW-2018,Palau,PLW,2018,17380,0.13,3.25,1.26,,31.21,2085.19
PLW-2019,Palau,PLW,2019,16710,0.13,3.25,1.23,,31.3,2901.93
PSE-2015,Palestine,PSE,2015,,0.16,6.89,0.69,4.62813282,38.14,
PSE-2016,Palestine,PSE,2016,,0.17,6.69,0.7,4.5539217,38.91,
PSE-2017,Palestine,PSE,2017,,0.17,6.54,0.7,4.48253727,39.74,
PSE-2018,Palestine,PSE,2018,,0.17,6.53,0.71,,39.59,
PSE-2019,Palestine,PSE,2019,,0.17,6.54,0.75,4.516699791,40.39,
PAN-2015,Panama,PAN,2015,12200,0.29,3.11,1,6.567658901,26.61,1724
PAN-2016,Panama,PAN,2016,12780,0.29,3.12,0.99,6.281434059,26.82,2037.56
PAN-2017,Panama,PAN,2017,13750,0.29,3.12,0.99,6.085955143,26.84,2103.31
PAN-2018,Panama,PAN,2018,14490,0.3,3.12,1.01,,26.79,2308.35
PAN-2019,Panama,PAN,2019,14920,0.3,3.12,1,6.179599762,26.88,2490.95
PNG-2015,Papua New Guinea,PNG,2015,2860,0.08,3.14,0.41,,21.18,72.21
PNG-2016,Papua New Guinea,PNG,2016,2710,0.08,3.14,0.41,,21.25,96.67
PNG-2017,Papua New Guinea,PNG,2017,2590,0.08,3.14,0.41,,21.57,95.63
PNG-2018,Papua New Guinea,PNG,2018,2600,0.08,3.14,0.42,,21.93,97.35
PNG-2019,Papua New Guinea,PNG,2019,2720,0.08,3.14,0.41,,22.28,104.61
PRY-2015,Paraguay,PRY,2015,5640,0.22,3.91,1.26,5.71329546,28.09,768.64
PRY-2016,Paraguay,PRY,2016,5420,0.22,3.91,1.27,,28.41,803.85
PRY-2017,Paraguay,PRY,2017,5370,0.22,3.91,1.27,5.652625561,28.6,832.11
PRY-2018,Paraguay,PRY,2018,5600,0.23,3.91,1.26,,28.8,884.37
PRY-2019,Paraguay,PRY,2019,5510,0.23,3.9,1.25,5.652599812,29.02,950.14
PER-2015,Peru,PER,2015,6340,0.3,2.31,0.66,5.710936546,18.13,580.98
PER-2016,Peru,PER,2016,6110,0.3,2.31,0.66,5.679661274,18.3,606.99
PER-2017,Peru,PER,2017,6060,0.31,2.32,0.66,5.999381542,18.6,624.02
PER-2018,Peru,PER,2018,6480,0.31,2.32,0.66,,18.89,690.16
PER-2019,Peru,PER,2019,6840,0.31,2.33,0.67,5.839600086,19.18,711.63
PHL-2015,Philippines,PHL,2015,3380,0.1,2.85,0.68,5.594270229,31.18,280.16
PHL-2016,Philippines,PHL,2016,3450,0.1,2.86,0.69,5.869172573,31.28,304.67
PHL-2017,Philippines,PHL,2017,3530,0.11,2.86,0.7,6.267745018,31.31,321.62
PHL-2018,Philippines,PHL,2018,3710,0.11,2.87,0.71,5.079585075,31.72,344.91
PHL-2019,Philippines,PHL,2019,3850,0.11,2.89,0.71,5.880199909,31.97,379.24
POL-2015,Poland,POL,2015,13310,0.19,2.29,1.78,6.201268196,42.63,1716.9
POL-2016,Poland,POL,2016,12720,0.2,2.29,1.73,6.111485004,42.45,1850.92
POL-2017,Poland,POL,2017,12730,0.2,2.3,1.7,6.24209404,42.65,1972.37
POL-2018,Poland,POL,2018,14150,0.2,2.36,1.66,6.139455318,42.89,2023.38
POL-2019,Poland,POL,2019,15360,0.2,2.48,1.62,6.166100025,43.03,2206.54
PRT-2015,Portugal,PRT,2015,20460,0.45,4.71,1.33,5.711499214,31.06,2758.88
PRT-2016,Portugal,PRT,2016,19940,0.46,4.76,1.25,5.919822693,31.12,2964.8
PRT-2017,Portugal,PRT,2017,20060,0.46,4.81,1.19,6.095473289,31.57,3072.32
PRT-2018,Portugal,PRT,2018,22060,0.46,4.81,1.18,5.767792225,31.86,3285.7
PRT-2019,Portugal,PRT,2019,23200,0.46,4.81,1.17,5.928999901,32.09,3517.72
PRI-2015,Puerto Rico,PRI,2015,19420,0.33,2.98,0.85,,26.02,
PRI-2016,Puerto Rico,PRI,2016,19710,0.33,2.98,0.8,,26.13,
PRI-2017,Puerto Rico,PRI,2017,20000,0.33,2.99,0.75,,24.73,
PRI-2018,Puerto Rico,PRI,2018,21080,0.33,3.01,0.77,,26.68,
PRI-2019,Puerto Rico,PRI,2019,22060,0.33,3.04,0.76,,26.82,
QAT-2015,Qatar,QAT,2015,73440,0.36,4.15,3.39,,24.22,2789.95
QAT-2016,Qatar,QAT,2016,64550,0.37,4.15,3.31,,24.3,2698.73
QAT-2017,Qatar,QAT,2017,56920,0.37,4.15,3.16,,24.67,2731.58
QAT-2018,Qatar,QAT,2018,58830,0.37,4.17,3.06,,25.05,2446.27
QAT-2019,Qatar,QAT,2019,61180,0.37,4.21,2.97,,25.34,2736.82
ROU-2015,Romania,ROU,2015,9600,0.16,2.83,0.93,6.089904785,56.71,1065.93
ROU-2016,Romania,ROU,2016,9620,0.17,2.83,0.89,6.150878906,56.46,1210.83
ROU-2017,Romania,ROU,2017,10110,0.17,2.83,0.87,6.129942417,56.46,1398.55
ROU-2018,Romania,ROU,2018,11430,0.17,2.83,0.85,,56.85,1672.6
ROU-2019,Romania,ROU,2019,12620,0.17,2.83,0.83,6.139999866,57.26,1906.59
RUS-2015,Russia,RUS,2015,11780,0.17,3.36,2.42,5.578742981,55.56,1288.07
RUS-2016,Russia,RUS,2016,9730,0.17,3.36,2.33,5.513500214,55.55,1288.6
RUS-2017,Russia,RUS,2017,9210,0.17,3.36,2.27,5.440523624,55.7,1406.2
RUS-2018,Russia,RUS,2018,10250,0.17,3.35,2.26,5.495288849,55.94,1570.78
RUS-2019,Russia,RUS,2019,11280,0.17,3.32,2.18,5.477200031,56.2,1704.04
RWA-2015,Rwanda,RWA,2015,750,0.09,5.19,0.99,3.10837388,15.14,120.08
RWA-2016,Rwanda,RWA,2016,740,0.09,5.2,1.01,3.5610466,15.42,131.03
RWA-2017,Rwanda,RWA,2017,730,0.09,5.22,1.04,3.268152237,15.96,126.21
RWA-2018,Rwanda,RWA,2018,780,0.1,5.23,1.08,,16.69,142.84
RWA-2019,Rwanda,RWA,2019,830,0.1,5.25,1.1,3.414700031,17.26,145.74
KNA-2015,Saint Kitts and Nevis,KNA,2015,,0.3,4.13,0.5,,31.2,1271.22
KNA-2016,Saint Kitts and Nevis,KNA,2016,,0.3,4.13,0.49,,31,1403.86
KNA-2017,Saint Kitts and Nevis,KNA,2017,,0.3,4.13,0.5,,30.93,1419.12
KNA-2018,Saint Kitts and Nevis,KNA,2018,,0.3,4.14,0.49,,30.89,1382.91
KNA-2019,Saint Kitts and Nevis,KNA,2019,,0.3,4.15,0.45,,31.36,1506.51
LCA-2015,Saint Lucia,LCA,2015,,0.22,3.4,1.06,,30.7,620.8
LCA-2016,Saint Lucia,LCA,2016,,0.23,3.4,0.99,,31.44,702.05
LCA-2017,Saint Lucia,LCA,2017,,0.23,3.4,0.98,,31.6,696.13
LCA-2018,Saint Lucia,LCA,2018,,0.23,3.43,0.97,,31.69,690.31
LCA-2019,Saint Lucia,LCA,2019,,0.23,3.47,0.96,,31.71,697.71
VCT-2015,Saint Vincent and the Grenadines,VCT,2015,,0.22,3.45,0.78,,34.56,475.56
VCT-2016,Saint Vincent and the Grenadines,VCT,2016,,0.22,3.44,0.79,,34.51,518.78
VCT-2017,Saint Vincent and the Grenadines,VCT,2017,,0.22,3.44,0.81,,34.63,529.55
VCT-2018,Saint Vincent and the Grenadines,VCT,2018,,0.22,3.46,0.8,,34.64,576.08
VCT-2019,Saint Vincent and the Grenadines,VCT,2019,,0.22,3.51,0.8,,34.64,620.3
WSM-2015,Samoa,WSM,2015,3960,0.1,2.91,1.84,,39.42,337.28
WSM-2016,Samoa,WSM,2016,4110,0.1,2.9,1.85,,39.42,343.27
WSM-2017,Samoa,WSM,2017,4070,0.1,2.9,1.86,,39.45,361.22
WSM-2018,Samoa,WSM,2018,4050,0.1,2.91,1.86,,39.45,354.65
WSM-2019,Samoa,WSM,2019,4230,0.1,2.92,1.85,,39.42,433.19
SMR-2015,San Marino,SMR,2015,,0.57,4.49,1.42,,32.49,3467.58
SMR-2016,San Marino,SMR,2016,,0.57,4.49,1.42,,32.57,3867.33
SMR-2017,San Marino,SMR,2017,,0.56,4.5,1.42,,32.65,4251.64
SMR-2018,San Marino,SMR,2018,,0.56,4.5,1.41,,32.7,4221.51
SMR-2019,San Marino,SMR,2019,,0.56,4.5,1.4,,32.73,4057.16
STP-2015,Sao Tome and Principe,STP,2015,1650,0.11,3.76,0.37,,25.8,204.95
STP-2016,Sao Tome and Principe,STP,2016,1690,0.11,3.76,0.38,,26.18,250.12
STP-2017,Sao Tome and Principe,STP,2017,1700,0.11,3.77,0.39,,26.58,253
STP-2018,Sao Tome and Principe,STP,2018,1870,0.11,3.79,0.4,,26.9,236.9
STP-2019,Sao Tome and Principe,STP,2019,1950,0.11,3.83,0.41,,27.1,226.81
SAU-2015,Saudi Arabia,SAU,2015,23710,0.29,4.4,1.32,6.294282436,34.53,2915.86
SAU-2016,Saudi Arabia,SAU,2016,21610,0.29,4.38,1.36,6.356393337,35.13,2654.3
SAU-2017,Saudi Arabia,SAU,2017,19990,0.29,4.37,1.37,6.561247349,35.31,2962.58
SAU-2018,Saudi Arabia,SAU,2018,21860,0.29,4.38,1.38,6.559588432,35.45,2802.5
SAU-2019,Saudi Arabia,SAU,2019,23220,0.29,4.42,1.39,6.493999958,35.7,2789.56
-2015,Scotland,,2015,,0.43,4.29,1.16,,30.72,
-2016,Scotland,,2016,,0.43,4.28,1.2,,30.54,
-2017,Scotland,,2017,,0.43,4.28,1.19,,30.82,
-2018,Scotland,,2018,,0.44,4.27,1.12,,31.28,
-2019,Scotland,,2019,,0.44,4.27,1.09,,31.39,
SEN-2015,Senegal,SEN,2015,1310,0.1,4.05,1.15,4.683024883,16.31,130.22
SEN-2016,Senegal,SEN,2016,1270,0.1,4.05,1.19,4.769377232,16.76,131.06
SEN-2017,Senegal,SEN,2017,1280,0.1,4.05,1.2,5.488736629,16.88,128.06
SEN-2018,Senegal,SEN,2018,1390,0.1,4.07,1.22,,17.23,143.17
SEN-2019,Senegal,SEN,2019,1440,0.11,4.1,1.25,5.131800175,17.79,144.8
SRB-2015,Serbia,SRB,2015,5960,0.15,2.99,1.39,5.122031212,53.59,1312.15
SRB-2016,Serbia,SRB,2016,5700,0.15,3.01,1.36,5.936493397,53.41,1338
SRB-2017,Serbia,SRB,2017,5570,0.15,3.02,1.34,6.241407394,53.67,1366.07
SRB-2018,Serbia,SRB,2018,6410,0.15,3.02,1.32,6.041546345,54.07,1556.73
SRB-2019,Serbia,SRB,2019,7040,0.15,3.02,1.3,6.077899933,54.25,1686.07
SYC-2015,Seychelles,SYC,2015,14160,0.15,2.77,1.13,,29.97,1086.45
SYC-2016,Seychelles,SYC,2016,14240,0.15,2.76,1.13,,30.03,1316.43
SYC-2017,Seychelles,SYC,2017,14660,0.16,2.76,1.13,,30.14,1332.22
SYC-2018,Seychelles,SYC,2018,15960,0.16,2.77,1.12,,30.24,1470.19
SYC-2019,Seychelles,SYC,2019,16680,0.16,2.79,1.1,,30.33,1468.72
SLE-2015,Sierra Leone,SLE,2015,550,0.09,4.46,0.57,4.089562416,11.05,326.45
SLE-2016,Sierra Leone,SLE,2016,490,0.09,4.46,0.61,4.305683136,11.66,277.35
SLE-2017,Sierra Leone,SLE,2017,520,0.09,4.46,0.63,3.447381496,11.86,153.57
SLE-2018,Sierra Leone,SLE,2018,490,0.09,4.46,0.68,,12.56,141.24
SLE-2019,Sierra Leone,SLE,2019,530,0.09,4.46,0.7,3.849400043,12.86,157
SGP-2015,Singapore,SGP,2015,53160,0.48,2.15,2.29,6.378437996,29.69,3598.99
SGP-2016,Singapore,SGP,2016,53250,0.48,2.16,2.22,6.374564171,29.49,3894.94
SGP-2017,Singapore,SGP,2017,54590,0.49,2.17,2.1,6.378359795,29.38,4091.44
SGP-2018,Singapore,SGP,2018,56670,0.5,2.18,2.03,,29.37,4035.61
SGP-2019,Singapore,SGP,2019,58060,0.5,2.2,2,6.37650013,29.33,4102.27
SVK-2015,Slovakia,SVK,2015,17700,0.19,2.9,1.43,6.365509033,48.47,2033.22
SVK-2016,Slovakia,SVK,2016,16790,0.19,2.9,1.36,6.23511076,48.59,2110.64
SVK-2017,Slovakia,SVK,2017,16620,0.19,2.9,1.33,6.243428707,48.81,2038.16
SVK-2018,Slovakia,SVK,2018,18340,0.19,2.9,1.31,6.519098282,48.96,2113.84
SVK-2019,Slovakia,SVK,2019,19250,0.2,2.9,1.27,6.330900192,49.15,2267.09
SVN-2015,Slovenia,SVN,2015,22270,0.19,3.38,2.25,6.166837692,36.67,2688.7
SVN-2016,Slovenia,SVN,2016,21790,0.2,3.38,2.18,6.249419212,36.89,2873.21
SVN-2017,Slovenia,SVN,2017,22140,0.2,3.39,2.11,6.665273666,37.14,2998.32
SVN-2018,Slovenia,SVN,2018,24640,0.2,3.38,2.04,6.462076187,37.32,3334.94
SVN-2019,Slovenia,SVN,2019,25980,0.2,3.37,1.97,6.460700035,37.5,3629.01
SLB-2015,Solomon Islands,SLB,2015,2130,0.07,3.08,2.31,,34.96,113.6
SLB-2016,Solomon Islands,SLB,2016,2140,0.07,3.08,2.32,,34.87,115.09
SLB-2017,Solomon Islands,SLB,2017,2220,0.07,3.08,2.34,,35.55,112.66
SLB-2018,Solomon Islands,SLB,2018,2360,0.07,3.08,2.34,,36.45,109.17
SLB-2019,Solomon Islands,SLB,2019,2370,0.07,3.09,2.31,,36.71,131.09
SOM-2015,Somalia,SOM,2015,400,0.05,4.93,0.66,,9.26,
SOM-2016,Somalia,SOM,2016,400,0.05,4.93,0.67,,9.36,
SOM-2017,Somalia,SOM,2017,380,0.05,4.94,0.67,,9.45,
SOM-2018,Somalia,SOM,2018,400,0.05,4.94,0.7,,9.76,
SOM-2019,Somalia,SOM,2019,420,0.05,4.94,0.72,,10.05,
ZAF-2015,South Africa,ZAF,2015,6610,0.17,4.38,1.33,4.513655186,15.65,1103.37
ZAF-2016,South Africa,ZAF,2016,5990,0.17,4.45,1.29,4.8839221,15.74,1110.76
ZAF-2017,South Africa,ZAF,2017,5910,0.17,4.5,1.31,5.034863472,15.82,1107.89
ZAF-2018,South Africa,ZAF,2018,6340,0.17,4.49,1.44,4.946800709,15.73,1145.87
ZAF-2019,South Africa,ZAF,2019,6670,0.17,4.45,1.51,4.956399918,15.85,1187.33
KOR-2015,South Korea,KOR,2015,28720,0.37,2.32,5.33,5.873887062,23.44,2531.06
KOR-2016,South Korea,KOR,2016,29330,0.37,2.29,5.09,5.840231419,23.5,2748.95
KOR-2017,South Korea,KOR,2017,30300,0.37,2.26,4.9,5.902816772,23.77,2925.95
KOR-2018,South Korea,KOR,2018,32750,0.38,2.26,4.75,5.792695522,24.01,3232.42
KOR-2019,South Korea,KOR,2019,33830,0.38,2.27,4.57,5.845499992,24.32,3521.33
SSD-2015,South Sudan,SSD,2015,1090,0.15,4.78,0.48,2.816622496,8.11,
SSD-2016,South Sudan,SSD,2016,,0.15,4.8,0.5,,8.64,
SSD-2017,South Sudan,SSD,2017,,0.16,4.82,0.51,,8.97,84.44
SSD-2018,South Sudan,SSD,2018,,0.16,4.83,0.54,,9.39,64.22
SSD-2019,South Sudan,SSD,2019,,0.16,4.85,0.57,,9.78,62.99
ESP-2015,Spain,ESP,2015,28450,0.64,5.02,0.95,6.230173111,30.19,3184.99
ESP-2016,Spain,ESP,2016,27550,0.64,5.06,0.93,6.513370991,30.09,3341.17
ESP-2017,Spain,ESP,2017,27100,0.65,5.11,0.9,6.457449436,30.28,3556.87
ESP-2018,Spain,ESP,2018,29310,0.65,5.15,0.89,6.502175331,30.53,3787.7
ESP-2019,Spain,ESP,2019,30380,0.65,5.19,0.88,6.490699768,30.68,3983.93
LKA-2015,Sri Lanka,LKA,2015,3760,0.12,3,3.25,4.330945492,34.17,450.91
LKA-2016,Sri Lanka,LKA,2016,3810,0.12,3,3.27,4.435023785,34.05,476.46
LKA-2017,Sri Lanka,LKA,2017,3870,0.12,3.01,3.26,4.213299274,34.07,459.25
LKA-2018,Sri Lanka,LKA,2018,4040,0.12,3.01,3.35,,34.17,523.52
LKA-2019,Sri Lanka,LKA,2019,4010,0.13,3.02,3.26,4.324999809,34.35,569.57
SDN-2015,Sudan,SDN,2015,1920,0.15,4.57,0.91,,32.86,322.55
SDN-2016,Sudan,SDN,2016,2160,0.15,4.57,0.93,,33.66,305.39
SDN-2017,Sudan,SDN,2017,2420,0.15,4.58,0.95,,34.67,278.69
SDN-2018,Sudan,SDN,2018,1390,0.15,4.59,0.98,,35.73,202.41
SDN-2019,Sudan,SDN,2019,940,0.15,4.61,1,,36.82,204.54
SUR-2015,Suriname,SUR,2015,8890,0.23,4.92,3.54,,31.4,999.57
SUR-2016,Suriname,SUR,2016,6940,0.24,4.92,3.54,,31.71,902.66
SUR-2017,Suriname,SUR,2017,5940,0.24,4.93,3.48,,32.02,973.22
SUR-2018,Suriname,SUR,2018,5970,0.24,4.92,3.4,,32.34,1345.69
SUR-2019,Suriname,SUR,2019,6190,0.24,4.89,3.31,,32.58,1680.19
SWE-2015,Sweden,SWE,2015,58420,0.54,4.49,1.56,7.286804676,38.77,5333.4
SWE-2016,Sweden,SWE,2016,54360,0.55,4.49,1.52,7.374792099,38.58,5512.93
SWE-2017,Sweden,SWE,2017,53030,0.55,4.49,1.5,7.398092747,38.3,5655.7
SWE-2018,Sweden,SWE,2018,55690,0.56,4.49,1.47,7.314341068,38.51,6077.04
SWE-2019,Sweden,SWE,2019,56420,0.56,4.47,1.46,7.362699986,38.47,6222.66
CHE-2015,Switzerland,CHE,2015,87960,0.54,4.09,1.76,7.473593235,34.21,7306.93
CHE-2016,Switzerland,CHE,2016,84420,0.54,4.1,1.74,7.508586884,33.97,7738.63
CHE-2017,Switzerland,CHE,2017,81880,0.54,4.11,1.74,7.69422102,34.05,7989.64
CHE-2018,Switzerland,CHE,2018,83280,0.54,4.11,1.72,7.508435249,34.21,8447.56
CHE-2019,Switzerland,CHE,2019,84260,0.54,4.08,1.68,7.571499825,34.33,8532.5
SYR-2015,Syria,SYR,2015,1020,0.17,4.23,0.23,,30.38,
SYR-2016,Syria,SYR,2016,860,0.17,4.24,0.24,,32.63,
SYR-2017,Syria,SYR,2017,820,0.17,4.24,0.29,,40.51,
SYR-2018,Syria,SYR,2018,930,0.17,4.28,0.35,,50.85,
SYR-2019,Syria,SYR,2019,,0.17,4.35,0.38,,54.05,
TWN-2015,Taiwan,TWN,2015,,0.18,2.77,2.48,6.359450817,22.08,
TWN-2016,Taiwan,TWN,2016,,0.18,2.76,2.43,6.467004776,22.2,
TWN-2017,Taiwan,TWN,2017,,0.18,2.76,2.39,6.537089825,22.25,
TWN-2018,Taiwan,TWN,2018,,0.19,2.76,2.37,6.751067638,22.15,
TWN-2019,Taiwan,TWN,2019,,0.19,2.77,2.32,6.584400177,22.17,
TJK-2015,Tajikistan,TJK,2015,1260,0.09,2.94,0.86,5.829234123,45.15,206.62
TJK-2016,Tajikistan,TJK,2016,1110,0.09,2.94,0.89,5.497468948,45.39,216.9
TJK-2017,Tajikistan,TJK,2017,1030,0.09,2.95,0.9,5.464015484,45.47,222.95
TJK-2018,Tajikistan,TJK,2018,1030,0.09,2.96,0.93,5.373398781,44.98,239.88
TJK-2019,Tajikistan,TJK,2019,1070,0.09,2.97,0.95,5.466199875,44.87,250.77
TZA-2015,Tanzania,TZA,2015,980,0.1,4.7,0.78,3.347121239,13.44,83.21
TZA-2016,Tanzania,TZA,2016,970,0.1,4.71,0.8,3.445023298,13.85,95.4
TZA-2017,Tanzania,TZA,2017,970,0.11,4.73,0.83,3.640154839,14.31,100.21
TZA-2018,Tanzania,TZA,2018,1030,0.11,4.74,0.88,3.785684109,14.94,105.11
TZA-2019,Tanzania,TZA,2019,1100,0.11,4.77,0.91,3.62319994,15.4,99.35
THA-2015,Thailand,THA,2015,5710,0.13,3.01,1.55,5.938895226,22.12,580.35
THA-2016,Thailand,THA,2016,5700,0.13,3.01,1.53,6.011561871,22.37,623.79
THA-2017,Thailand,THA,2017,5970,0.14,3,1.51,6.02215147,22.66,669.58
THA-2018,Thailand,THA,2018,6610,0.14,3,1.47,5.884544373,22.97,707.59
THA-2019,Thailand,THA,2019,7250,0.14,2.99,1.43,5.984700203,23.27,731.31
TLS-2015,Timor,TLS,2015,2200,0.1,2.88,0.78,,29.83,223.41
TLS-2016,Timor,TLS,2016,1750,0.1,2.88,0.79,,30.29,215.94
TLS-2017,Timor,TLS,2017,1800,0.1,2.88,0.79,,30.89,212.11
TLS-2018,Timor,TLS,2018,1820,0.1,2.88,0.8,,31.35,237.96
TLS-2019,Timor,TLS,2019,2050,0.1,2.89,0.81,,31.7,220.31
TGO-2015,Togo,TGO,2015,640,0.09,4.55,0.95,4.360805035,12.95,93.44
TGO-2016,Togo,TGO,2016,670,0.09,4.56,1,4.022894859,13.6,104.6
TGO-2017,Togo,TGO,2017,720,0.09,4.57,1.05,4.179493904,14.41,130.67
TGO-2018,Togo,TGO,2018,880,0.09,4.57,1.08,,15.04,128.41
TGO-2019,Togo,TGO,2019,920,0.09,4.58,1.1,4.106800079,15.61,125.56
TKL-2015,Tokelau,TKL,2015,,0.1,3.27,1.18,,39.24,
TKL-2016,Tokelau,TKL,2016,,0.1,3.26,1.18,,39.07,
TKL-2017,Tokelau,TKL,2017,,0.11,3.26,1.18,,38.98,
TKL-2018,Tokelau,TKL,2018,,0.11,3.26,1.18,,38.88,
TKL-2019,Tokelau,TKL,2019,,0.11,3.26,1.18,,38.8,
TON-2015,Tonga,TON,2015,4440,0.09,2.79,0.73,,26.87,270.65
TON-2016,Tonga,TON,2016,4410,0.1,2.79,0.73,,26.93,312.88
TON-2017,Tonga,TON,2017,4590,0.1,2.79,0.73,,27.01,330.04
TON-2018,Tonga,TON,2018,4800,0.1,2.8,0.73,,27.06,332.15
TON-2019,Tonga,TON,2019,5150,0.1,2.82,0.73,,27.08,332.05
TTO-2015,Trinidad and Tobago,TTO,2015,19030,0.3,4,1.46,6.191859722,33.17,1665.38
TTO-2016,Trinidad and Tobago,TTO,2016,16870,0.3,3.99,1.41,,33.56,1803.14
TTO-2017,Trinidad and Tobago,TTO,2017,16120,0.3,3.99,1.38,,33.81,1842.56
TTO-2018,Trinidad and Tobago,TTO,2018,16120,0.3,4,1.35,,33.98,1796.03
TTO-2019,Trinidad and Tobago,TTO,2019,16740,0.3,4.03,1.31,,34.14,1834.96
TUN-2015,Tunisia,TUN,2015,4190,0.21,5.28,0.64,4.124342918,50.87,675.98
TUN-2016,Tunisia,TUN,2016,3980,0.21,5.27,0.63,4.741132259,51.23,684.75
TUN-2017,Tunisia,TUN,2017,3750,0.22,5.27,0.62,4.315479755,51.47,723.12
TUN-2018,Tunisia,TUN,2018,3760,0.22,5.29,0.61,4.730811119,51.6,759.04
TUN-2019,Tunisia,TUN,2019,3620,0.22,5.34,0.61,4.59649992,51.78,789.05
TUR-2015,Turkey,TUR,2015,12030,0.29,4.27,0.56,5.607262135,38.73,1060.24
TUR-2016,Turkey,TUR,2016,11260,0.3,4.21,0.56,5.185689449,38.63,1135.96
TUR-2017,Turkey,TUR,2017,10970,0.3,4.16,0.56,4.87207365,38.82,1166.73
TUR-2018,Turkey,TUR,2018,10510,0.31,4.15,0.56,4.861554146,38.66,1152.41
TUR-2019,Turkey,TUR,2019,9690,0.31,4.16,0.57,4.947599888,38.84,1186.74
TKM-2015,Turkmenistan,TKM,2015,7030,0.15,3.26,1.39,5.229148865,52.11,862.23
TKM-2016,Turkmenistan,TKM,2016,6830,0.15,3.25,1.38,4.620601654,52.71,918.11
TKM-2017,Turkmenistan,TKM,2017,6380,0.16,3.25,1.36,5.474299908,53.22,985.17
TKM-2018,Turkmenistan,TKM,2018,6740,0.16,3.25,1.33,,54.04,1004.81
TKM-2019,Turkmenistan,TKM,2019,7220,0.16,3.25,1.31,5.066400051,54.5,1063.84
TUV-2015,Tuvalu,TUV,2015,5580,0.08,3.26,1.74,,39.48,600.9
TUV-2016,Tuvalu,TUV,2016,5300,0.08,3.25,1.75,,39.48,626.5
TUV-2017,Tuvalu,TUV,2017,5070,0.08,3.25,1.76,,39.54,691.06
TUV-2018,Tuvalu,TUV,2018,5820,0.08,3.25,1.76,,39.56,837.3
TUV-2019,Tuvalu,TUV,2019,6240,0.09,3.25,1.76,,39.57,1071.3
UGA-2015,Uganda,UGA,2015,830,0.09,6.69,0.76,4.000516891,9.85,113.36
UGA-2016,Uganda,UGA,2016,800,0.1,6.7,0.77,4.321714878,9.96,107.92
UGA-2017,Uganda,UGA,2017,740,0.1,6.7,0.81,4.948051453,10.57,87.2
UGA-2018,Uganda,UGA,2018,750,0.1,6.7,0.86,4.640909672,11.2,92.14
UGA-2019,Uganda,UGA,2019,780,0.1,6.69,0.89,4.636499882,11.61,92.38
UKR-2015,Ukraine,UKR,2015,2800,0.13,4.18,2.14,4.311067104,63.68,753.85
UKR-2016,Ukraine,UKR,2016,2360,0.13,4.19,2.15,4.661909103,63.73,802.78
UKR-2017,Ukraine,UKR,2017,2360,0.13,4.2,2.09,4.701762199,63.82,842.43
UKR-2018,Ukraine,UKR,2018,2750,0.13,4.2,1.99,5.269675732,64.26,907.95
UKR-2019,Ukraine,UKR,2019,3310,0.13,4.2,1.96,4.874800205,64.33,907.16
ARE-2015,United Arab Emirates,ARE,2015,42870,0.3,3.72,2.81,7.039419651,26.78,2325.82
ARE-2016,United Arab Emirates,ARE,2016,40550,0.31,3.72,2.66,6.603743553,27.56,2217.17
ARE-2017,United Arab Emirates,ARE,2017,39280,0.31,3.72,2.51,6.710782528,28.33,2727.39
ARE-2018,United Arab Emirates,ARE,2018,41470,0.31,3.73,2.39,6.458392143,29,2843.78
ARE-2019,United Arab Emirates,ARE,2019,43830,0.32,3.76,2.28,6.560500145,29.62,2996.36
GBR-2015,United Kingdom,GBR,2015,44730,0.46,4.57,0.94,7.103273392,30.19,4231.58
GBR-2016,United Kingdom,GBR,2016,43460,0.46,4.53,0.95,7.233445168,29.88,4374.49
GBR-2017,United Kingdom,GBR,2017,41880,0.46,4.5,0.95,7.157151222,29.78,4515.59
GBR-2018,United Kingdom,GBR,2018,42410,0.47,4.5,0.92,6.798177242,30.12,4830.18
GBR-2019,United Kingdom,GBR,2019,43460,0.47,4.5,0.9,7.063600063,30.25,5087.38
USA-2015,United States,USA,2015,56620,0.45,4.75,1.71,6.9917593,32.41,9392.07
USA-2016,United States,USA,2016,57140,0.46,4.74,1.72,6.882684708,32.27,9775
USA-2017,United States,USA,2017,59250,0.46,4.74,1.68,6.943701267,32.23,10103.09
USA-2018,United States,USA,2018,63490,0.46,4.73,1.6,7.028088093,32.38,10515.32
USA-2019,United States,USA,2019,65970,0.46,4.73,1.54,6.951499939,32.5,10921.01
VIR-2015,United States Virgin Islands,VIR,2015,,0.38,3.49,0.73,,38.21,
VIR-2016,United States Virgin Islands,VIR,2016,,0.37,3.49,0.72,,38.46,
VIR-2017,United States Virgin Islands,VIR,2017,,0.37,3.49,0.7,,38.53,
VIR-2018,United States Virgin Islands,VIR,2018,,0.37,3.51,0.7,,38.96,
VIR-2019,United States Virgin Islands,VIR,2019,,0.37,3.55,0.69,,39.17,
URY-2015,Uruguay,URY,2015,15620,0.37,3.11,2.1,6.336009979,29.31,1821.24
URY-2016,Uruguay,URY,2016,15440,0.37,3.1,2.11,6.371714592,29.21,1948
URY-2017,Uruguay,URY,2017,15920,0.38,3.09,2.07,6.600337029,29.4,2029.89
URY-2018,Uruguay,URY,2018,17280,0.38,3.09,2.03,6.309681416,29.47,2158.26
URY-2019,Uruguay,URY,2019,17770,0.38,3.07,1.97,6.431399822,29.56,2309.84
UZB-2015,Uzbekistan,UZB,2015,2740,0.12,3.35,1.87,6.421447754,53.05,320.15
UZB-2016,Uzbekistan,UZB,2016,2790,0.12,3.35,1.92,6.205460072,52.79,324.62
UZB-2017,Uzbekistan,UZB,2017,2470,0.12,3.35,1.89,6.154049397,52.9,335.39
UZB-2018,Uzbekistan,UZB,2018,2110,0.12,3.34,1.87,,52.94,372.38
UZB-2019,Uzbekistan,UZB,2019,1870,0.12,3.34,1.86,6.178800106,52.76,418.01
VUT-2015,Vanuatu,VUT,2015,2820,0.08,3.05,2.36,,37.5,122.7
VUT-2016,Vanuatu,VUT,2016,2830,0.08,3.05,2.37,,37.99,85.52
VUT-2017,Vanuatu,VUT,2017,2900,0.08,3.05,2.36,,38.28,86.11
VUT-2018,Vanuatu,VUT,2018,3170,0.08,3.05,2.33,,38.58,107.24
VUT-2019,Vanuatu,VUT,2019,3440,0.08,3.06,2.28,,38.83,110.64
VEN-2015,Venezuela,VEN,2015,,0.24,3.34,1.5,5.070750713,29.7,744.75
VEN-2016,Venezuela,VEN,2016,,0.24,3.35,1.41,5.005663395,30.6,567.16
VEN-2017,Venezuela,VEN,2017,,0.23,3.36,1.34,5.080803394,31.53,589.05
VEN-2018,Venezuela,VEN,2018,,0.23,3.36,1.31,4.573829651,32.1,521.33
VEN-2019,Venezuela,VEN,2019,,0.22,3.36,1.23,4.892199993,32.92,384.5
VNM-2015,Vietnam,VNM,2015,2460,0.09,2.58,1.3,5.175278664,38.1,344.96
VNM-2016,Vietnam,VNM,2016,2570,0.09,2.58,1.3,5.295547009,38.04,371.98
VNM-2017,Vietnam,VNM,2017,2700,0.1,2.58,1.3,5.467451096,38.02,423.98
VNM-2018,Vietnam,VNM,2018,3030,0.1,2.58,1.29,,38.03,493.99
VNM-2019,Vietnam,VNM,2019,3280,0.1,2.58,1.28,5.41079998,38.03,558.87
-2015,Wales,,2015,,0.44,4.52,0.94,,30.69,
-2016,Wales,,2016,,0.44,4.53,0.95,,30.27,
-2017,Wales,,2017,,0.44,4.54,0.96,,30.08,
-2018,Wales,,2018,,0.45,4.54,0.93,,30.48,
-2019,Wales,,2019,,0.45,4.55,0.91,,30.73,
YEM-2015,Yemen,YEM,2015,1200,0.14,5.04,0.82,3.253560066,30.06,110.01
YEM-2016,Yemen,YEM,2016,1160,0.14,5.03,0.81,3.057513952,29.28,
YEM-2017,Yemen,YEM,2017,1080,0.14,5.02,0.82,4.196912766,29.71,
YEM-2018,Yemen,YEM,2018,910,0.13,5.03,0.8,,28.36,
YEM-2019,Yemen,YEM,2019,820,0.13,5.04,0.89,3.657900095,31.93,
ZMB-2015,Zambia,ZMB,2015,1580,0.11,4.27,1,3.932777405,12.74,152.14
ZMB-2016,Zambia,ZMB,2016,1370,0.11,4.28,1.04,4.041488171,13.42,152.43
ZMB-2017,Zambia,ZMB,2017,1300,0.12,4.29,1.07,3.306796551,13.75,152.54
ZMB-2018,Zambia,ZMB,2018,1440,0.12,4.3,1.11,4.837992191,14.25,181.55
ZMB-2019,Zambia,ZMB,2019,1430,0.12,4.3,1.13,4.073400021,14.71,192.52
ZWE-2015,Zimbabwe,ZWE,2015,1390,0.1,3.55,1.68,3.63830018,12.51,199.68
ZWE-2016,Zimbabwe,ZWE,2016,1390,0.1,3.56,1.75,3.616479874,12.91,215.4
ZWE-2017,Zimbabwe,ZWE,2017,1350,0.1,3.56,1.8,2.693523169,13.29,226.21
ZWE-2018,Zimbabwe,ZWE,2018,1350,0.1,3.56,1.87,3.159802198,13.79,269.2
ZWE-2019,Zimbabwe,ZWE,2019,1210,0.1,3.55,1.89,3.144799948,14.06,208.41