YearCode,Entity,Code,Year,GNI,EatingDisorderPrevalancePercent,DepressionPrevalancePerc,DeathsBySuicide,LifeSatisfactionRate
AFG-2015,Afghanistan,AFG,2015,590,0.12,5.11,0.59,2.66171813
AFG-2016,Afghanistan,AFG,2016,550,0.12,5.11,0.59,2.694303274
AFG-2017,Afghanistan,AFG,2017,530,0.12,5.11,0.63,2.375091791
AFG-2018,Afghanistan,AFG,2018,510,0.12,5.12,0.62,
AFG-2019,Afghanistan,AFG,2019,520,0.12,5.13,0.64,2.522900105
ALB-2015,Albania,ALB,2015,4390,0.14,,0.77,
ALB-2016,Albania,ALB,2016,4320,0.14,2.61,0.74,5.004402637
ALB-2017,Albania,ALB,2017,4290,0.14,2.61,0.72,4.995317936
ALB-2018,Albania,ALB,2018,4860,0.14,2.62,0.69,5.364909649
ALB-2019,Albania,ALB,2019,5230,0.15,2.63,0.67,5.117400169
DZA-2015,Algeria,DZA,2015,4850,0.22,2.61,0.8,4.639548302
DZA-2016,Algeria,DZA,2016,4370,0.22,4.31,0.77,5.043086052
DZA-2017,Algeria,DZA,2017,3950,0.22,4.3,0.76,4.744627476
DZA-2018,Algeria,DZA,2018,3980,0.22,4.32,0.75,
DZA-2019,Algeria,DZA,2019,4010,0.22,4.37,0.75,4.88710022
AGO-2015,Angola,AGO,2015,3920,0.14,4.31,0.92,5.248912334
AGO-2016,Angola,AGO,2016,2480,0.14,5.85,0.93,
AGO-2017,Angola,AGO,2017,2010,0.14,5.86,0.98,
AGO-2018,Angola,AGO,2018,1900,0.14,5.86,1.01,
AGO-2019,Angola,AGO,2019,2070,0.14,5.86,1.04,
ATG-2015,Antigua and Barbuda,ATG,2015,12850,0.28,5.85,0.47,
ATG-2016,Antigua and Barbuda,ATG,2016,13580,0.28,3.05,0.46,
ATG-2017,Antigua and Barbuda,ATG,2017,14320,0.28,3.05,0.45,
ATG-2018,Antigua and Barbuda,ATG,2018,15880,0.28,3.09,0.45,
ATG-2019,Antigua and Barbuda,ATG,2019,16420,0.28,3.17,0.45,
ARG-2015,Argentina,ARG,2015,12600,0.35,3.05,1.44,
ARG-2016,Argentina,ARG,2016,12220,0.36,2.6,1.43,5.792796612
ARG-2017,Argentina,ARG,2017,13140,0.36,2.6,1.43,6.085560799
ARG-2018,Argentina,ARG,2018,12430,0.36,2.6,1.45,5.900567055
ARG-2019,Argentina,ARG,2019,11260,0.36,2.59,1.44,5.929299831
ARM-2015,Armenia,ARM,2015,4010,0.13,2.61,1.08,6.039330006
ARM-2016,Armenia,ARM,2016,3760,0.13,3.16,1.07,5.062448502
ARM-2017,Armenia,ARM,2017,3950,0.13,3.16,1.04,5.4880867
ARM-2018,Armenia,ARM,2018,4240,0.13,3.17,1.03,
ARM-2019,Armenia,ARM,2019,4660,0.13,3.19,1.03,5.282599926
AUS-2015,Australia,AUS,2015,60490,1.11,3.15,1.95,4.287736416
AUS-2016,Australia,AUS,2016,54090,1.11,4.83,1.88,7.17699337
AUS-2017,Australia,AUS,2017,51480,1.11,4.73,1.79,7.233994961
AUS-2018,Australia,AUS,2018,53070,1.12,4.75,1.73,7.137367725
AUS-2019,Australia,AUS,2019,54910,1.14,4.83,1.7,7.183499813
AUT-2015,Austria,AUT,2015,47480,0.62,4.95,1.82,7.25703764
AUT-2016,Austria,AUT,2016,46240,0.61,3.41,1.8,7.396001816
AUT-2017,Austria,AUT,2017,45040,0.61,3.41,1.79,7.195361137
AUT-2018,Austria,AUT,2018,49010,0.61,3.42,1.76,7.213489056
AUT-2019,Austria,AUT,2019,51010,0.62,3.42,1.72,7.267799854
AZE-2015,Azerbaijan,AZE,2015,6610,0.15,3.41,0.51,7.293727875
AZE-2016,Azerbaijan,AZE,2016,4790,0.15,2.89,0.49,5.167995453
AZE-2017,Azerbaijan,AZE,2017,4110,0.15,2.89,0.48,5.173389435
AZE-2018,Azerbaijan,AZE,2018,4080,0.15,2.91,0.5,
AZE-2019,Azerbaijan,AZE,2019,4510,0.15,2.94,0.5,5.170800209
BHS-2015,Bahamas,BHS,2015,28810,0.31,2.89,0.45,5.152279377
BHS-2016,Bahamas,BHS,2016,28930,0.31,3.12,0.45,
BHS-2017,Bahamas,BHS,2017,30580,0.31,3.12,0.45,
BHS-2018,Bahamas,BHS,2018,31070,0.31,3.15,0.44,
BHS-2019,Bahamas,BHS,2019,32420,0.31,3.21,0.43,
BHR-2015,Bahrain,BHR,2015,22580,0.29,3.12,2.44,
BHR-2016,Bahrain,BHR,2016,21570,0.3,4.72,2.25,
BHR-2017,Bahrain,BHR,2017,21250,0.3,4.71,2.07,7.098012447
BHR-2018,Bahrain,BHR,2018,22000,0.3,4.72,1.95,6.173175812
BHR-2019,Bahrain,BHR,2019,22230,0.3,4.72,1.81,6.646900177
BGD-2015,Bangladesh,BGD,2015,1220,0.11,4.73,0.9,6.227320671
BGD-2016,Bangladesh,BGD,2016,1430,0.11,4.73,0.88,4.499217033
BGD-2017,Bangladesh,BGD,2017,1670,0.12,4.73,0.87,5.114216805
BGD-2018,Bangladesh,BGD,2018,2040,0.12,4.74,0.87,5.279986858
BGD-2019,Bangladesh,BGD,2019,2250,0.12,4.75,0.87,5.024600029
BRB-2015,Barbados,BRB,2015,15760,0.25,4.72,0.5,4.309771061
BRB-2016,Barbados,BRB,2016,15940,0.25,3.27,0.49,
BRB-2017,Barbados,BRB,2017,16090,0.25,3.27,0.49,
BRB-2018,Barbados,BRB,2018,16610,0.25,3.29,0.48,
BRB-2019,Barbados,BRB,2019,17130,0.25,3.34,0.48,
BLR-2015,Belarus,BLR,2015,6750,0.14,3.27,1.94,
BLR-2016,Belarus,BLR,2016,5640,0.14,4.2,1.89,5.233769894
BLR-2017,Belarus,BLR,2017,5320,0.14,4.2,1.89,5.821453094
BLR-2018,Belarus,BLR,2018,5730,0.14,4.18,1.91,
BLR-2019,Belarus,BLR,2019,6370,0.14,4.13,1.86,5.533500195
BEL-2015,Belgium,BEL,2015,45570,0.47,4.2,2.07,5.552915096
BEL-2016,Belgium,BEL,2016,43400,0.47,3.9,2.06,6.89217186
BEL-2017,Belgium,BEL,2017,42520,0.48,3.89,2.04,6.772138119
BEL-2018,Belgium,BEL,2018,46070,0.48,3.89,1.99,6.838760853
BEL-2019,Belgium,BEL,2019,48050,0.48,3.9,1.94,6.834000111
BLZ-2015,Belize,BLZ,2015,4440,0.2,3.9,1.33,6.928347588
BLZ-2016,Belize,BLZ,2016,4370,0.2,3.43,1.37,
BLZ-2017,Belize,BLZ,2017,4430,0.2,3.43,1.42,
BLZ-2018,Belize,BLZ,2018,4560,0.21,3.44,1.39,
BLZ-2019,Belize,BLZ,2019,4610,0.2,3.46,1.39,
BEN-2015,Benin,BEN,2015,1180,0.1,3.42,0.72,
BEN-2016,Benin,BEN,2016,1110,0.1,4.51,0.74,5.81982708
BEN-2017,Benin,BEN,2017,1090,0.1,4.52,0.76,4.976360798
BEN-2018,Benin,BEN,2018,1200,0.1,4.52,0.77,4.407745838
BEN-2019,Benin,BEN,2019,1250,0.1,4.54,0.8,5.045199871
BMU-2015,Bermuda,BMU,2015,101120,0.38,4.51,0.54,4.853180885
BMU-2016,Bermuda,BMU,2016,103620,0.39,3.35,0.53,
BMU-2017,Bermuda,BMU,2017,112940,0.39,3.35,0.52,
BMU-2018,Bermuda,BMU,2018,117000,0.39,3.35,0.51,
BMU-2019,Bermuda,BMU,2019,117290,0.39,3.37,0.5,
BTN-2015,Bhutan,BTN,2015,2520,0.14,3.36,0.97,
BTN-2016,Bhutan,BTN,2016,2650,0.14,4.09,0.97,
BTN-2017,Bhutan,BTN,2017,2800,0.14,4.09,0.96,
BTN-2018,Bhutan,BTN,2018,2970,0.15,4.11,0.96,
BTN-2019,Bhutan,BTN,2019,3150,0.15,4.16,0.96,
BOL-2015,Bolivia,BOL,2015,2960,0.24,4.1,0.99,
BOL-2016,Bolivia,BOL,2016,3040,0.24,3.57,1,5.915734291
BOL-2017,Bolivia,BOL,2017,3090,0.24,3.57,1,5.67427063
BOL-2018,Bolivia,BOL,2018,3370,0.24,3.57,0.99,5.559258938
BOL-2019,Bolivia,BOL,2019,3520,0.25,3.55,0.98,5.715899944
BIH-2015,Bosnia and Herzegovina,BIH,2015,5210,0.14,3.57,1.06,5.65055275
BIH-2016,Bosnia and Herzegovina,BIH,2016,5130,0.14,2.91,1.03,5.887401104
BIH-2017,Bosnia and Herzegovina,BIH,2017,5120,0.14,2.91,1.01,6.01552248
BIH-2018,Bosnia and Herzegovina,BIH,2018,5750,0.14,2.93,0.99,5.515816212
BIH-2019,Bosnia and Herzegovina,BIH,2019,6170,0.15,2.95,0.98,5.813099861
BWA-2015,Botswana,BWA,2015,6430,0.18,2.91,1.87,5.089902401
BWA-2016,Botswana,BWA,2016,6280,0.18,4.43,1.88,3.4613657
BWA-2017,Botswana,BWA,2017,6380,0.18,4.43,1.89,3.471084833
BWA-2018,Botswana,BWA,2018,6780,0.19,4.44,1.9,
BWA-2019,Botswana,BWA,2019,7170,0.19,4.46,1.89,3.466500044
BRA-2015,Brazil,BRA,2015,10170,0.24,4.43,1.01,3.504881144
BRA-2016,Brazil,BRA,2016,8910,0.24,4.01,1.01,6.190921783
BRA-2017,Brazil,BRA,2017,8680,0.24,3.99,1,6.451148987
BRA-2018,Brazil,BRA,2018,9140,0.24,3.99,0.98,6.109717846
BRA-2019,Brazil,BRA,2019,9220,0.24,3.99,0.96,6.33010006
BRN-2015,Brunei,BRN,2015,38850,0.47,4.03,1.33,6.332929134
BRN-2016,Brunei,BRN,2016,33170,0.46,1.68,1.32,
BRN-2017,Brunei,BRN,2017,29800,0.46,1.68,1.32,
BRN-2018,Brunei,BRN,2018,29390,0.46,1.7,1.31,
BRN-2019,Brunei,BRN,2019,32230,0.46,1.74,1.31,
BGR-2015,Bulgaria,BGR,2015,7430,0.16,1.68,0.87,
BGR-2016,Bulgaria,BGR,2016,7400,0.16,2.86,0.88,5.098813534
BGR-2017,Bulgaria,BGR,2017,7610,0.16,2.87,0.89,5.108438015
BGR-2018,Bulgaria,BGR,2018,8530,0.17,2.88,0.88,5.597723007
BGR-2019,Bulgaria,BGR,2019,9500,0.17,2.88,0.87,5.265500069
BFA-2015,Burkina Faso,BFA,2015,700,0.09,2.86,0.68,5.096901894
BFA-2016,Burkina Faso,BFA,2016,680,0.09,4.6,0.72,4.92723608
BFA-2017,Burkina Faso,BFA,2017,670,0.09,4.6,0.75,4.740892887
BFA-2018,Burkina Faso,BFA,2018,750,0.09,4.54,0.77,
BFA-2019,Burkina Faso,BFA,2019,770,0.09,4.43,0.77,4.833799839
BDI-2015,Burundi,BDI,2015,260,0.07,4.59,0.84,4.646891117
BDI-2016,Burundi,BDI,2016,260,0.07,4.79,0.87,3.775283098
BDI-2017,Burundi,BDI,2017,260,0.07,4.79,0.89,
BDI-2018,Burundi,BDI,2018,250,0.07,4.79,0.93,
BDI-2019,Burundi,BDI,2019,240,0.07,4.79,0.96,3.775300026
KHM-2015,Cambodia,KHM,2015,1060,0.08,4.79,0.71,
KHM-2016,Cambodia,KHM,2016,1140,0.08,3.04,0.72,5.121837616
KHM-2017,Cambodia,KHM,2017,1230,0.08,3.05,0.72,4.998284817
KHM-2018,Cambodia,KHM,2018,1380,0.09,3.04,0.72,4.376985073
KHM-2019,Cambodia,KHM,2019,1530,0.09,3.04,0.71,4.83039999
CMR-2015,Cameroon,CMR,2015,1500,0.11,3.04,0.93,4.585842133
CMR-2016,Cameroon,CMR,2016,1440,0.11,4.71,0.97,5.250737667
CMR-2017,Cameroon,CMR,2017,1390,0.11,4.71,1.01,4.936737537
CMR-2018,Cameroon,CMR,2018,1490,0.11,4.71,1.06,5.2410779
CMR-2019,Cameroon,CMR,2019,1540,0.11,4.73,1.09,5.141799927
CAN-2015,Canada,CAN,2015,47590,0.47,4.71,1.89,5.07405138
CAN-2016,Canada,CAN,2016,43890,0.47,3.59,1.87,7.175496578
CAN-2017,Canada,CAN,2017,42900,0.47,3.59,1.81,7.1090765
CAN-2018,Canada,CAN,2018,45080,0.47,3.61,1.7,7.024904728
CAN-2019,Canada,CAN,2019,46540,0.47,3.64,1.63,7.103300095
CPV-2016,Cape Verde,CPV,2016,,0.14,5.11,2.69,
CPV-2017,Cape Verde,CPV,2017,1390,0.14,5.11,2.69,
CPV-2018,Cape Verde,CPV,2018,,0.14,5.09,2.35,
CPV-2019,Cape Verde,CPV,2019,,0.14,5.07,2.33,
CAF-2015,Central African Republic,CAF,2015,400,0.07,3.6,0.82,7.414868355
CAF-2016,Central African Republic,CAF,2016,410,0.07,5.99,0.84,
CAF-2017,Central African Republic,CAF,2017,440,0.07,5.98,0.85,
CAF-2018,Central African Republic,CAF,2018,490,0.07,5.98,0.89,
CAF-2019,Central African Republic,CAF,2019,520,0.07,5.99,0.91,
TCD-2015,Chad,TCD,2015,880,0.1,5.99,0.58,3.475862026
TCD-2016,Chad,TCD,2016,730,0.1,5.22,0.6,4.486325264
TCD-2017,Chad,TCD,2017,640,0.1,5.21,0.61,4.250799179
TCD-2018,Chad,TCD,2018,680,0.1,5.21,0.62,
TCD-2019,Chad,TCD,2019,700,0.1,5.22,0.64,4.355400085
CHL-2015,Chile,CHL,2015,14130,0.38,5.22,1.91,4.558937073
CHL-2016,Chile,CHL,2016,13340,0.39,4.02,1.89,6.436220646
CHL-2017,Chile,CHL,2017,13260,0.39,4.02,1.85,5.942250252
CHL-2018,Chile,CHL,2018,14580,0.39,4,1.81,6.150642872
CHL-2019,Chile,CHL,2019,14900,0.39,3.95,1.77,6.171899796
CHN-2015,China,CHN,2015,7890,0.11,4.03,1.23,6.320119381
CHN-2016,China,CHN,2016,8210,0.11,2.94,1.21,5.131433964
CHN-2017,China,CHN,2017,8670,0.12,2.93,1.19,5.144120216
CHN-2018,China,CHN,2018,9540,0.12,2.93,1.17,5.771064758
CHN-2019,China,CHN,2019,10310,0.12,2.92,1.14,5.339099884
COL-2015,Colombia,COL,2015,7330,0.22,2.94,1.22,5.099061489
COL-2016,Colombia,COL,2016,6460,0.23,2.31,1.18,5.983512402
COL-2017,Colombia,COL,2017,5940,0.23,2.33,1.17,6.350297928
COL-2018,Colombia,COL,2018,6270,0.23,2.34,1.14,5.70917511
COL-2019,Colombia,COL,2019,6570,0.23,2.35,1.11,6.01240015
COM-2015,Comoros,COM,2015,1380,0.09,2.29,0.82,6.157341957
COM-2016,Comoros,COM,2016,1320,0.09,4.38,0.83,3.972819567
COM-2017,Comoros,COM,2017,1280,0.09,4.39,0.84,4.608616352
COM-2018,Comoros,COM,2018,1370,0.09,4.4,0.82,
COM-2019,Comoros,COM,2019,1380,0.09,4.42,0.81,4.288599968
COG-2016,Congo,COG,2016,470,0.13,5.62,1.08,5.490214348
COG-2017,Congo,COG,2017,460,0.13,5.62,1.11,5.212622643
COG-2018,Congo,COG,2018,500,0.13,5.63,1.14,
COG-2019,Congo,COG,2019,530,0.13,5.64,1.18,5.341700077
COK-2016,Cook Islands,COK,2016,470,0.16,3.33,1.18,
COK-2017,Cook Islands,COK,2017,460,0.16,3.33,1.5,
COK-2018,Cook Islands,COK,2018,,0.16,3.33,1.47,
COK-2019,Cook Islands,COK,2019,,0.17,3.33,1.43,
COD-2015,Congo,COD,2015,460,0.07,4.37,1.04,
CRI-2017,Costa Rica,CRI,2017,11500,0.25,3.41,1.67,6.997618675
CRI-2018,Costa Rica,CRI,2018,11970,0.25,3.42,1.69,
CRI-2019,Costa Rica,CRI,2019,12120,0.25,3.42,1.7,7.069399834
CRI-2015,Costa Rica,CRI,2015,10700,0.24,5.63,1.63,4.883991241
CRI-2016,Costa Rica,CRI,2016,11100,0.24,3.41,1.59,7.141074657
CIV-2017,Cote d'Ivoire,CIV,2017,2030,0.11,3.99,0.96,5.392012119
CIV-2018,Cote d'Ivoire,CIV,2018,2180,0.11,4,0.98,5.256503582
CIV-2019,Cote d'Ivoire,CIV,2019,2290,0.12,4.01,1.01,5.306000233
CIV-2015,Cote d'Ivoire,CIV,2015,2050,0.11,3.41,1.06,7.22518158
CIV-2016,Cote d'Ivoire,CIV,2016,2050,0.11,3.99,1.07,5.26837492
HRV-2017,Croatia,HRV,2017,12980,0.18,3.24,1.42,5.625743866
HRV-2018,Croatia,HRV,2018,14410,0.18,3.24,1.39,6.507992268
HRV-2019,Croatia,HRV,2019,15540,0.18,3.24,1.37,5.881700039
HRV-2015,Croatia,HRV,2015,13270,0.18,3.98,1.35,5.037734985
HRV-2016,Croatia,HRV,2016,12680,0.18,3.23,1.32,5.536271095
CUB-2017,Cuba,CUB,2017,7950,0.2,3.97,1.72,
CUB-2018,Cuba,CUB,2018,8630,0.2,3.99,1.7,
CUB-2019,Cuba,CUB,2019,,0.2,4.02,1.68,
CUB-2015,Cuba,CUB,2015,7230,0.2,3.22,1.65,5.343165874
CUB-2016,Cuba,CUB,2016,7480,0.2,3.98,1.64,
CYP-2017,Cyprus,CYP,2017,24960,0.44,3.27,0.8,6.136832714
CYP-2018,Cyprus,CYP,2018,27330,0.44,3.3,0.8,6.259810448
CYP-2019,Cyprus,CYP,2019,28600,0.44,3.38,0.8,6.223499775
CYP-2015,Cyprus,CYP,2015,26010,0.43,3.98,0.78,
CYP-2016,Cyprus,CYP,2016,24720,0.44,3.27,0.77,6.276443005
CZE-2017,Czechia,CZE,2017,18310,0.2,3.11,1.44,
CZE-2018,Czechia,CZE,2018,20560,0.21,3.11,1.4,6.897091389
CZE-2019,Czechia,CZE,2019,22110,0.21,3.11,1.37,6.964700222
CZE-2015,Czechia,CZE,2015,18370,0.2,3.28,1.33,6.062051296
CZE-2016,Czechia,CZE,2016,17670,0.2,3.11,1.3,7.034165382
COD-2017,Democratic Republic of Congo,COD,2017,56690,0.07,,0.96,
COD-2018,Democratic Republic of Congo,COD,2018,,0.07,5.48,1.02,
COD-2019,Democratic Republic of Congo,COD,2019,,0.08,5.5,1.06,
DNK-2015,Denmark,DNK,2015,60510,0.51,3.11,1.26,6.789567947
DNK-2016,Denmark,DNK,2016,58040,0.52,3.89,1.26,7.648785591
DNK-2017,Denmark,DNK,2017,56690,0.52,3.87,1.25,7.693003178
DNK-2018,Denmark,DNK,2018,61260,0.52,3.86,1.24,7.514631271
DNK-2019,Denmark,DNK,2019,63460,0.52,3.85,1.21,7.61950016
DJI-2015,Djibouti,DJI,2015,2540,0.11,3.9,0.86,7.593702316
DJI-2016,Djibouti,DJI,2016,2640,0.11,4.61,0.88,
DJI-2017,Djibouti,DJI,2017,2730,0.11,4.62,0.92,
DJI-2018,Djibouti,DJI,2018,2910,0.11,4.63,0.97,
DJI-2019,Djibouti,DJI,2019,3110,0.11,4.64,0.98,
DMA-2015,Dominica,DMA,2015,6920,0.22,4.59,0.48,
DMA-2016,Dominica,DMA,2016,7270,0.22,3.15,0.51,
DMA-2017,Dominica,DMA,2017,7270,0.22,3.15,0.47,
DMA-2018,Dominica,DMA,2018,7800,0.22,3.18,0.51,
DMA-2019,Dominica,DMA,2019,8210,0.22,3.24,0.52,
DOM-2015,Dominican Republic,DOM,2015,6580,0.23,3.14,1.02,
DOM-2016,Dominican Republic,DOM,2016,6860,0.23,3.96,1.02,5.433215618
DOM-2017,Dominican Republic,DOM,2017,7090,0.23,3.96,1,6.004237175
DOM-2018,Dominican Republic,DOM,2018,7780,0.24,3.97,0.97,5.168409824
DOM-2019,Dominican Republic,DOM,2019,8100,0.24,4,0.95,5.545100212
ECU-2015,Ecuador,ECU,2015,5970,0.29,3.96,1.8,5.605202675
ECU-2016,Ecuador,ECU,2016,5800,0.3,3.52,1.77,6.128010273
ECU-2017,Ecuador,ECU,2017,5860,0.3,3.52,1.8,5.809131145
ECU-2018,Ecuador,ECU,2018,6090,0.3,3.52,1.79,5.35446167
ECU-2019,Ecuador,ECU,2019,6090,0.3,3.51,1.81,5.763999939
EGY-2015,Egypt,EGY,2015,3340,0.2,3.52,0.54,5.839518547
EGY-2016,Egypt,EGY,2016,3440,0.2,4.09,0.54,4.005450726
EGY-2017,Egypt,EGY,2017,3030,0.21,4.09,0.55,4.327831745
EGY-2018,Egypt,EGY,2018,2790,0.21,4.11,0.55,4.472396851
EGY-2019,Egypt,EGY,2019,2690,0.21,4.13,0.55,4.282700062
SLV-2015,El Salvador,SLV,2015,3440,0.2,4.09,1.29,3.929344177
SLV-2016,El Salvador,SLV,2016,3510,0.2,3.6,1.39,6.241199493
SLV-2017,El Salvador,SLV,2017,3600,0.21,3.61,1.37,6.454820633
SLV-2018,El Salvador,SLV,2018,3820,0.21,3.61,1.36,5.461926937
SLV-2019,El Salvador,SLV,2019,3980,0.21,3.6,1.32,6.060500145
-2016,England,,2016,8270,0.46,4.55,0.91,
-2017,England,,2017,6510,0.47,4.52,0.91,
-2018,England,,2018,,0.47,4.52,0.88,
-2019,England,,2019,,0.47,4.52,0.87,
GNQ-2015,Equatorial Guinea,GNQ,2015,10850,0.23,3.6,0.87,6.339318275
GNQ-2016,Equatorial Guinea,GNQ,2016,8270,0.23,5.84,0.91,
GNQ-2017,Equatorial Guinea,GNQ,2017,6510,0.23,5.82,0.96,
GNQ-2018,Equatorial Guinea,GNQ,2018,6730,0.22,5.83,1,
GNQ-2019,Equatorial Guinea,GNQ,2019,6320,0.22,5.86,1.01,
ERI-2015,Eritrea,ERI,2015,,0.09,5.86,1.2,
ERI-2016,Eritrea,ERI,2016,,0.09,4.98,1.23,
ERI-2017,Eritrea,ERI,2017,,0.09,4.98,1.26,
ERI-2018,Eritrea,ERI,2018,,0.09,4.98,1.3,
ERI-2019,Eritrea,ERI,2019,,0.09,4.99,1.33,
EST-2015,Estonia,EST,2015,18570,0.18,4.97,1.42,
EST-2016,Estonia,EST,2016,18290,0.18,3.98,1.37,6.091302395
EST-2017,Estonia,EST,2017,18760,0.19,3.97,1.36,6.034641266
EST-2018,Estonia,EST,2018,21200,0.19,3.98,1.33,6.452563763
EST-2019,Estonia,EST,2019,23050,0.19,3.99,1.31,6.188799858
SWZ-2015,Eswatini,SWZ,2015,3800,0.15,3.98,1.78,5.938395977
SWZ-2016,Eswatini,SWZ,2016,3450,0.16,4.59,1.85,4.211565018
SWZ-2017,Eswatini,SWZ,2017,3390,0.16,4.6,1.9,4.396114826
SWZ-2018,Eswatini,SWZ,2018,3620,0.16,4.6,1.94,
SWZ-2019,Eswatini,SWZ,2019,3710,0.16,4.59,1.94,4.308100224
ETH-2015,Ethiopia,ETH,2015,600,0.08,4.59,0.88,
ETH-2016,Ethiopia,ETH,2016,670,0.08,4.7,0.91,4.379262447
ETH-2017,Ethiopia,ETH,2017,740,0.08,4.71,0.95,4.099555016
ETH-2018,Ethiopia,ETH,2018,800,0.09,4.73,0.98,4.549219608
ETH-2019,Ethiopia,ETH,2019,850,0.09,4.74,1.01,4.274700165
FJI-2015,Fiji,FJI,2015,5100,0.11,4.69,1.21,4.180315495
FJI-2016,Fiji,FJI,2016,5280,0.11,3.01,1.19,
FJI-2017,Fiji,FJI,2017,5370,0.11,3.01,1.18,
FJI-2018,Fiji,FJI,2018,5910,0.11,3.02,1.16,
FJI-2019,Fiji,FJI,2019,5800,0.11,3.03,1.14,
FIN-2015,Finland,FIN,2015,47180,0.52,3.01,1.57,
FIN-2016,Finland,FIN,2016,45530,0.52,4.49,1.55,7.85810709
FIN-2017,Finland,FIN,2017,44840,0.52,4.44,1.53,7.780347824
FIN-2018,Finland,FIN,2018,48220,0.53,4.48,1.52,7.889349937
FIN-2019,Finland,FIN,2019,49940,0.53,4.55,1.56,7.842100143
FRA-2015,France,FRA,2015,41130,0.51,4.54,2.03,7.788251877
FRA-2016,France,FRA,2016,39100,0.51,4.21,1.96,6.665903568
FRA-2017,France,FRA,2017,38320,0.51,4.22,1.92,6.689644337
FRA-2018,France,FRA,2018,41200,0.51,4.22,1.88,6.714111805
FRA-2019,France,FRA,2019,42550,0.52,4.23,1.83,6.689899921
GAB-2015,Gabon,GAB,2015,7970,0.18,4.21,1.36,6.635222435
GAB-2016,Gabon,GAB,2016,7080,0.18,5.65,1.39,4.783009052
GAB-2017,Gabon,GAB,2017,6510,0.18,5.65,1.42,4.914393425
GAB-2018,Gabon,GAB,2018,6830,0.19,5.65,1.44,
GAB-2019,Gabon,GAB,2019,7170,0.19,5.65,1.46,4.851799965
GMB-2015,Gambia,GMB,2015,620,0.09,5.65,0.78,4.782382965
GMB-2016,Gambia,GMB,2016,620,0.09,5.61,0.84,4.922099113
GMB-2017,Gambia,GMB,2017,660,0.09,5.61,0.9,5.163627148
GMB-2018,Gambia,GMB,2018,720,0.1,5.63,0.92,
GMB-2019,Gambia,GMB,2019,750,0.1,5.66,0.95,5.051000118
GEO-2015,Georgia,GEO,2015,4410,0.13,5.6,0.66,4.117938995
GEO-2016,Georgia,GEO,2016,4080,0.13,3.49,0.65,4.659097195
GEO-2017,Georgia,GEO,2017,4040,0.13,3.49,0.64,4.89183569
GEO-2018,Georgia,GEO,2018,4460,0.13,3.51,0.63,5.123143196
GEO-2019,Georgia,GEO,2019,4690,0.14,3.54,0.63,4.89139986
DEU-2015,Germany,DEU,2015,45780,0.46,3.49,1.27,4.45077467
DEU-2016,Germany,DEU,2016,44280,0.46,3.84,1.25,7.118364334
DEU-2017,Germany,DEU,2017,43760,0.46,3.8,1.25,7.035472393
DEU-2018,Germany,DEU,2018,47470,0.47,3.76,1.24,7.311897755
DEU-2019,Germany,DEU,2019,49190,0.47,3.7,1.22,7.154500008
GHA-2015,Ghana,GHA,2015,1940,0.11,3.86,0.91,7.074324608
GHA-2016,Ghana,GHA,2016,1810,0.12,4.44,0.94,5.003693104
GHA-2017,Ghana,GHA,2017,1880,0.12,4.45,0.97,4.96680975
GHA-2018,Ghana,GHA,2018,2120,0.12,4.46,0.98,5.31948328
GHA-2019,Ghana,GHA,2019,2230,0.12,4.46,0.99,5.088399887
GRC-2015,Greece,GRC,2015,20190,0.48,4.43,0.45,5.481310844
GRC-2016,Greece,GRC,2016,18640,0.48,5.27,0.44,5.40928936
GRC-2017,Greece,GRC,2017,17960,0.48,5.33,0.42,5.952157497
GRC-2018,Greece,GRC,2018,19080,0.48,5.41,0.4,5.787615776
GRC-2019,Greece,GRC,2019,19670,0.47,5.5,0.39,5.722599983
GRL-2015,Greenland,GRL,2015,,0.53,5.25,8.18,5.14824152
GRL-2016,Greenland,GRL,2016,,0.54,6.57,7.89,
GRL-2017,Greenland,GRL,2017,,0.54,6.59,7.68,
GRL-2018,Greenland,GRL,2018,,0.54,6.52,7.4,
GRL-2019,Greenland,GRL,2019,,0.55,6.36,7.03,
GRD-2015,Grenada,GRD,2015,7750,0.22,6.56,0.7,
GRD-2016,Grenada,GRD,2016,8350,0.23,3.35,0.66,
GRD-2017,Grenada,GRD,2017,8740,0.23,3.35,0.64,
GRD-2018,Grenada,GRD,2018,9610,0.23,3.36,0.64,
GRD-2019,Grenada,GRD,2019,9750,0.23,3.38,0.63,
GUM-2015,Guam,GUM,2015,,0.19,3.35,3.15,
GUM-2016,Guam,GUM,2016,,0.19,3.36,3.14,
GUM-2017,Guam,GUM,2017,,0.19,3.36,3.06,
GUM-2018,Guam,GUM,2018,,0.19,3.36,2.97,
GUM-2019,Guam,GUM,2019,,0.19,3.36,2.83,
GTM-2015,Guatemala,GTM,2015,3700,0.19,3.36,0.96,
GTM-2016,Guatemala,GTM,2016,3870,0.19,3.86,0.97,6.626591682
GTM-2017,Guatemala,GTM,2017,4100,0.19,3.87,0.99,6.262175083
GTM-2018,Guatemala,GTM,2018,4400,0.19,3.86,0.99,
GTM-2019,Guatemala,GTM,2019,4610,0.2,3.84,1,6.434500217
GIN-2015,Guinea,GIN,2015,760,0.09,3.85,0.64,6.325118542
GIN-2016,Guinea,GIN,2016,780,0.09,4.43,0.66,5.25222683
GIN-2017,Guinea,GIN,2017,820,0.09,4.43,0.67,4.76768446
GIN-2018,Guinea,GIN,2018,860,0.09,4.44,0.69,
GIN-2019,Guinea,GIN,2019,950,0.09,4.44,0.7,4.984300137
GNB-2015,Guinea-Bissau,GNB,2015,640,0.09,4.43,1,4.873722553
GNB-2016,Guinea-Bissau,GNB,2016,650,0.09,4.56,1.03,
GNB-2017,Guinea-Bissau,GNB,2017,680,0.09,4.57,1.05,
GNB-2018,Guinea-Bissau,GNB,2018,720,0.09,4.57,1.07,
GNB-2019,Guinea-Bissau,GNB,2019,800,0.09,4.58,1.1,
GUY-2015,Guyana,GUY,2015,5470,0.19,4.56,4.06,
GUY-2016,Guyana,GUY,2016,5600,0.19,5.18,4.05,
GUY-2017,Guyana,GUY,2017,5910,0.19,5.18,4.04,
GUY-2018,Guyana,GUY,2018,6290,0.19,5.15,3.96,
GUY-2019,Guyana,GUY,2019,6630,0.19,5.1,3.74,
HTI-2015,Haiti,HTI,2015,1410,0.12,5.18,0.96,
HTI-2016,Haiti,HTI,2016,1360,0.12,3.7,0.97,3.614928007
HTI-2017,Haiti,HTI,2017,1340,0.12,3.7,1,
HTI-2018,Haiti,HTI,2018,1410,0.12,3.71,1.01,
HTI-2019,Haiti,HTI,2019,1390,0.12,3.72,1.02,3.614900112
HND-2015,Honduras,HND,2015,2060,0.17,3.69,0.41,3.823865652
HND-2016,Honduras,HND,2016,2120,0.17,3.3,0.45,5.908423901
HND-2017,Honduras,HND,2017,2250,0.17,3.3,0.45,5.930051327
HND-2018,Honduras,HND,2018,2330,0.17,3.3,0.46,
HND-2019,Honduras,HND,2019,2390,0.17,3.29,0.46,5.919199944
HUN-2015,Hungary,HUN,2015,13230,0.19,3.29,1.64,6.019985676
HUN-2016,Hungary,HUN,2016,13100,0.19,3.05,1.58,5.935770988
HUN-2017,Hungary,HUN,2017,13190,0.19,3.06,1.52,6.000259876
HUN-2018,Hungary,HUN,2018,14980,0.2,3.05,1.5,6.038049698
HUN-2019,Hungary,HUN,2019,16520,0.2,3.04,1.47,5.991600037
ISL-2015,Iceland,ISL,2015,49940,0.48,3.04,1.89,6.065038681
ISL-2016,Iceland,ISL,2016,54910,0.49,3.19,1.88,
ISL-2017,Iceland,ISL,2017,60230,0.49,3.19,1.85,7.532504559
ISL-2018,Iceland,ISL,2018,67760,0.5,3.2,1.77,7.575489521
ISL-2019,Iceland,ISL,2019,72900,0.5,3.22,1.76,7.553899765
IND-2015,India,IND,2015,1600,0.12,3.2,2.01,7.476213932
IND-2016,India,IND,2016,1680,0.13,3.8,2.01,3.818068743
IND-2017,India,IND,2017,1820,0.13,3.8,2.02,3.24876976
IND-2018,India,IND,2018,2010,0.13,3.78,2.07,4.225281239
IND-2019,India,IND,2019,2100,0.13,3.75,2.08,3.818900108
IDN-2015,Indonesia,IDN,2015,3430,0.11,3.81,0.45,4.046111107
IDN-2016,Indonesia,IDN,2016,3400,0.11,2.47,0.45,5.340295792
IDN-2017,Indonesia,IDN,2017,3530,0.11,2.47,0.45,5.346512794
IDN-2018,Indonesia,IDN,2018,3840,0.11,2.48,0.45,
IDN-2019,Indonesia,IDN,2019,4050,0.12,2.52,0.45,5.344500065
IRN-2015,Iran,IRN,2015,5710,0.26,2.48,1.25,5.098401546
IRN-2016,Iran,IRN,2016,5730,0.26,5.24,1.24,4.278117657
IRN-2017,Iran,IRN,2017,5750,0.26,5.23,1.21,5.006145954
IRN-2018,Iran,IRN,2018,5110,0.27,5.18,1.16,4.864528179
IRN-2019,Iran,IRN,2019,4260,0.27,5.1,1.07,4.721199989
IRQ-2015,Iraq,IRQ,2015,5800,0.21,5.23,1.05,4.716783047
IRQ-2016,Iraq,IRQ,2016,5340,0.21,4.14,1.03,4.8864007
IRQ-2017,Iraq,IRQ,2017,4640,0.22,4.14,1.06,
IRQ-2018,Iraq,IRQ,2018,5040,0.22,4.14,1.2,4.78516531
IRQ-2019,Iraq,IRQ,2019,5780,0.22,4.13,1.15,4.854100227
IRL-2015,Ireland,IRL,2015,50390,0.46,4.14,1.56,4.462399006
IRL-2016,Ireland,IRL,2016,51810,0.48,4.55,1.48,6.962335587
IRL-2017,Ireland,IRL,2017,53350,0.49,4.68,1.43,7.254841328
IRL-2018,Ireland,IRL,2018,59350,0.5,4.68,1.4,7.034930706
IRL-2019,Ireland,IRL,2019,63300,0.5,4.65,1.35,7.085299969
ISR-2015,Israel,ISR,2015,36200,0.4,4.42,1.18,7.060155392
ISR-2016,Israel,ISR,2016,36540,0.41,4.45,1.18,6.92717886
ISR-2017,Israel,ISR,2017,37970,0.41,4.45,1.16,7.331779957
ISR-2018,Israel,ISR,2018,41320,0.42,4.45,1.14,7.194928169
ISR-2019,Israel,ISR,2019,43540,0.42,4.47,1.14,7.157100201
ITA-2015,Italy,ITA,2015,33000,0.58,4.47,0.72,7.331036091
ITA-2016,Italy,ITA,2016,31970,0.58,3.79,0.7,6.516526699
ITA-2017,Italy,ITA,2017,31380,0.59,3.78,0.69,6.445416927
ITA-2018,Italy,ITA,2018,33850,0.59,3.79,0.68,6.488356113
ITA-2019,Italy,ITA,2019,34940,0.59,3.83,0.67,6.483099937
JAM-2015,Jamaica,JAM,2015,4700,0.2,3.8,,6.198870182
JAM-2016,Jamaica,JAM,2016,4600,0.2,3.09,0.43,
JAM-2017,Jamaica,JAM,2017,4750,0.2,3.09,0.44,6.309238911
JAM-2018,Jamaica,JAM,2018,5010,0.2,3.13,0.44,
JAM-2019,Jamaica,JAM,2019,5250,0.2,3.2,0.44,6.30919981
JPN-2015,Japan,JPN,2015,39380,0.42,3.09,0.45,5.889759064
JPN-2016,Japan,JPN,2016,38460,0.42,2.3,2.05,5.793575287
JPN-2017,Japan,JPN,2017,38930,0.42,2.3,1.95,5.908039093
JPN-2018,Japan,JPN,2018,41770,0.42,2.3,1.86,6.117963314
JPN-2019,Japan,JPN,2019,42010,0.42,2.3,1.82,5.940499783
JOR-2015,Jordan,JOR,2015,3950,0.2,2.3,1.77,5.910676479
JOR-2016,Jordan,JOR,2016,4000,0.2,4.31,0.79,4.638933659
JOR-2017,Jordan,JOR,2017,4080,0.2,4.3,0.79,4.452548027
JOR-2018,Jordan,JOR,2018,4270,0.2,4.33,0.79,4.093991756
JOR-2019,Jordan,JOR,2019,4410,0.21,4.4,0.77,4.394599915
KAZ-2015,Kazakhstan,KAZ,2015,11380,0.17,4.34,0.81,4.808082581
KAZ-2016,Kazakhstan,KAZ,2016,8770,0.17,3.69,3.26,6.00763607
KAZ-2017,Kazakhstan,KAZ,2017,8040,0.17,3.69,3.14,6.272268295
KAZ-2018,Kazakhstan,KAZ,2018,8070,0.17,3.69,3.09,6.168269157
KAZ-2019,Kazakhstan,KAZ,2019,8820,0.17,3.67,3.05,6.151800156
KEN-2015,Kenya,KEN,2015,1300,0.1,3.69,3.06,5.882351398
KEN-2016,Kenya,KEN,2016,1460,0.11,4.85,0.96,4.655702591
KEN-2017,Kenya,KEN,2017,1510,0.11,4.85,0.99,4.618850231
KEN-2018,Kenya,KEN,2018,1680,0.11,4.85,1.02,4.546584129
KEN-2019,Kenya,KEN,2019,1830,0.11,4.86,1.05,4.606599808
KIR-2015,Kiribati,KIR,2015,3450,0.07,4.86,1.07,4.475654125
KIR-2016,Kiribati,KIR,2016,2800,0.07,3.05,2.67,
KIR-2017,Kiribati,KIR,2017,2930,0.07,3.05,2.68,
KIR-2018,Kiribati,KIR,2018,3170,0.07,3.05,2.68,
KIR-2019,Kiribati,KIR,2019,3440,0.07,3.06,2.49,
KWT-2015,Kuwait,KWT,2015,41820,0.38,3.05,2.62,
KWT-2016,Kuwait,KWT,2016,35330,0.37,4.28,1.4,
KWT-2017,Kuwait,KWT,2017,31400,0.37,4.28,1.39,6.106119633
KWT-2018,Kuwait,KWT,2018,33710,0.37,4.31,1.36,
KWT-2019,Kuwait,KWT,2019,36200,0.37,4.35,1.35,6.106100082
KGZ-2015,Kyrgyzstan,KGZ,2015,1180,0.1,4.28,1.35,6.093905449
KGZ-2016,Kyrgyzstan,KGZ,2016,1110,0.1,3.59,1.72,5.297383308
KGZ-2017,Kyrgyzstan,KGZ,2017,1110,0.1,3.59,1.68,5.685220718
KGZ-2018,Kyrgyzstan,KGZ,2018,1220,0.1,3.59,1.67,6.249586105
KGZ-2019,Kyrgyzstan,KGZ,2019,1240,0.1,3.58,1.73,5.743599892
LAO-2015,Laos,LAO,2015,1980,0.09,3.6,0.99,5.629536629
LAO-2016,Laos,LAO,2016,2130,0.1,2.84,1,4.85940218
LAO-2017,Laos,LAO,2017,2260,0.1,2.84,1.01,5.196856022
LAO-2018,Laos,LAO,2018,2490,0.1,2.85,0.99,5.284390926
LAO-2019,Laos,LAO,2019,2540,0.1,2.85,0.96,5.03000021
LVA-2015,Latvia,LVA,2015,15110,0.17,2.84,1.56,4.623140812
LVA-2016,Latvia,LVA,2016,14800,0.17,4.02,1.48,5.901154041
LVA-2017,Latvia,LVA,2017,14870,0.18,4.02,1.47,5.969753742
LVA-2018,Latvia,LVA,2018,16550,0.18,4.03,1.44,6.229008675
LVA-2019,Latvia,LVA,2019,17810,0.18,4.05,1.43,6.032000065
LBN-2015,Lebanon,LBN,2015,7290,0.24,4.02,0.54,5.977817535
LBN-2016,Lebanon,LBN,2016,7220,0.24,5.29,0.54,5.167186737
LBN-2017,Lebanon,LBN,2017,7460,0.24,5.25,0.53,4.024219513
LBN-2018,Lebanon,LBN,2018,7590,0.24,5.14,0.52,
LBN-2019,Lebanon,LBN,2019,7280,0.24,4.94,0.52,4.583799839
LSO-2015,Lesotho,LSO,2015,1310,0.11,5.31,2.09,5.153989792
LSO-2016,Lesotho,LSO,2016,1270,0.11,5.69,2.16,
LSO-2017,Lesotho,LSO,2017,1190,0.11,5.69,2.23,3.5117805
LSO-2018,Lesotho,LSO,2018,1230,0.11,5.71,2.26,
LSO-2019,Lesotho,LSO,2019,1330,0.11,5.74,2.26,3.511800051
LBR-2015,Liberia,LBR,2015,650,0.08,5.68,0.71,3.795300722
LBR-2016,Liberia,LBR,2016,640,0.08,4.9,0.78,4.134852886
LBR-2017,Liberia,LBR,2017,640,0.08,4.9,0.81,5.121460915
LBR-2018,Liberia,LBR,2018,630,0.08,4.81,0.84,
LBR-2019,Liberia,LBR,2019,610,0.08,4.61,0.87,4.625199795
LBY-2015,Libya,LBY,2015,8380,0.23,4.9,1.05,4.424490929
LBY-2016,Libya,LBY,2016,7730,0.22,4.56,1.01,5.493977547
LBY-2017,Libya,LBY,2017,9900,0.22,4.55,1.1,5.33022213
LBY-2018,Libya,LBY,2018,11180,0.21,4.57,1.09,
LBY-2019,Libya,LBY,2019,10200,0.21,4.6,1.09,5.410299778
LTU-2015,Lithuania,LTU,2015,15190,0.18,4.57,2.65,5.646852493
LTU-2016,Lithuania,LTU,2016,14890,0.18,4.3,2.55,6.308878899
LTU-2017,Lithuania,LTU,2017,15280,0.18,4.31,2.37,6.064097881
LTU-2018,Lithuania,LTU,2018,17470,0.18,4.31,2.28,6.39137888
LTU-2019,Lithuania,LTU,2019,19060,0.19,4.29,2.22,6.255400181
LUX-2015,Luxembourg,LUX,2015,73530,0.62,4.29,1.74,6.272940636
LUX-2016,Luxembourg,LUX,2016,73730,0.62,3.54,1.72,7.242630959
LUX-2017,Luxembourg,LUX,2017,75800,0.62,3.54,1.71,7.404015541
LUX-2018,Luxembourg,LUX,2018,79540,0.62,3.54,1.7,
LUX-2019,Luxembourg,LUX,2019,77110,0.63,3.54,1.67,7.324399948
MDG-2015,Madagascar,MDG,2015,490,0.09,3.54,0.84,7.061380863
MDG-2016,Madagascar,MDG,2016,470,0.09,4.83,0.87,4.070586681
MDG-2017,Madagascar,MDG,2017,470,0.09,4.84,0.89,4.339087486
MDG-2018,Madagascar,MDG,2018,500,0.09,4.85,0.91,
MDG-2019,Madagascar,MDG,2019,520,0.09,4.87,0.93,4.208499908
MWI-2015,Malawi,MWI,2015,350,0.08,4.82,0.9,4.078620434
MWI-2016,Malawi,MWI,2016,340,0.08,4.21,0.93,3.334633589
MWI-2017,Malawi,MWI,2017,380,0.08,4.22,0.97,3.869123697
MWI-2018,Malawi,MWI,2018,440,0.08,4.22,1.01,
MWI-2019,Malawi,MWI,2019,560,0.08,4.22,1.03,3.599999905
MYS-2015,Malaysia,MYS,2015,10680,0.15,4.21,1.01,3.416862965
MYS-2016,Malaysia,MYS,2016,10150,0.15,3.85,1.02,5.338817596
MYS-2017,Malaysia,MYS,2017,9950,0.16,3.85,1.02,5.427954197
MYS-2018,Malaysia,MYS,2018,10650,0.16,3.86,1.02,
MYS-2019,Malaysia,MYS,2019,11260,0.16,3.89,1.02,5.384300232
MDV-2015,Maldives,MDV,2015,7650,0.12,3.85,1.25,
MDV-2016,Maldives,MDV,2016,8070,0.12,3.07,1.29,5.197574615
MDV-2017,Maldives,MDV,2017,8600,0.13,3.06,1.32,
MDV-2018,Maldives,MDV,2018,9210,0.13,3.05,1.33,
MDV-2019,Maldives,MDV,2019,9640,0.13,3.05,1.34,5.197599888
MLI-2015,Mali,MLI,2015,800,0.09,3.08,0.41,
MLI-2016,Mali,MLI,2016,780,0.09,3.55,0.43,4.415729523
MLI-2017,Mali,MLI,2017,770,0.09,3.56,0.45,4.98799181
MLI-2018,Mali,MLI,2018,830,0.09,3.58,0.46,
MLI-2019,Mali,MLI,2019,860,0.09,3.6,0.47,4.723499775
MLT-2015,Malta,MLT,2015,25230,0.44,3.54,0.7,4.741850376
MLT-2016,Malta,MLT,2016,23440,0.44,3.33,0.68,6.909710884
MLT-2017,Malta,MLT,2017,24710,0.45,3.33,0.66,6.73297739
MLT-2018,Malta,MLT,2018,27950,0.46,3.37,0.65,6.156822681
MLT-2019,Malta,MLT,2019,29330,0.46,3.44,0.64,6.602000237
MHL-2015,Marshall Islands,MHL,2015,4290,0.08,3.34,3.03,6.675665855
MHL-2016,Marshall Islands,MHL,2016,4250,0.08,2.98,2.99,
MHL-2017,Marshall Islands,MHL,2017,4440,0.08,2.99,2.96,
MHL-2018,Marshall Islands,MHL,2018,4840,0.09,2.99,2.89,
MHL-2019,Marshall Islands,MHL,2019,5050,0.09,2.99,2.81,
MRT-2015,Mauritania,MRT,2015,1640,0.11,2.98,0.7,
MRT-2016,Mauritania,MRT,2016,1510,0.12,3.73,0.7,4.313615322
MRT-2017,Mauritania,MRT,2017,1530,0.12,3.73,0.73,4.152619362
MRT-2018,Mauritania,MRT,2018,1640,0.12,3.74,0.73,
MRT-2019,Mauritania,MRT,2019,1720,0.12,3.76,0.74,4.227399826
MUS-2015,Mauritius,MUS,2015,10700,0.14,3.72,1.23,4.678159714
MUS-2016,Mauritius,MUS,2016,10640,0.14,3.95,1.17,5.88174057
MUS-2017,Mauritius,MUS,2017,10980,0.14,3.95,1.13,6.241165161
MUS-2018,Mauritius,MUS,2018,12270,0.14,3.95,1.09,6.015300274
MUS-2019,Mauritius,MUS,2019,12840,0.14,3.95,1.06,6.048999786
MEX-2015,Mexico,MEX,2015,10160,0.25,3.96,1.1,6.174117565
MEX-2016,Mexico,MEX,2016,9390,0.25,3.76,1.11,6.549578667
MEX-2017,Mexico,MEX,2017,8920,0.26,3.76,1.13,6.431945324
MEX-2018,Mexico,MEX,2018,9180,0.26,3.76,1.12,5.964221001
MEX-2019,Mexico,MEX,2019,9470,0.26,3.77,1.06,6.316800117
FSM-2015,Micronesia (country),FSM,2015,3490,0.08,3.75,2.59,6.410299301
FSM-2016,Micronesia (country),FSM,2016,3410,0.08,3.01,2.58,
FSM-2017,Micronesia (country),FSM,2017,3450,0.08,3.01,2.56,
FSM-2018,Micronesia (country),FSM,2018,3400,0.08,3.01,2.52,
FSM-2019,Micronesia (country),FSM,2019,3940,0.08,3.02,2.47,
MDA-2015,Moldova,MDA,2015,3300,0.11,3.01,1.53,
MDA-2016,Moldova,MDA,2016,3180,0.11,3.46,1.47,5.682277203
MDA-2017,Moldova,MDA,2017,3330,0.11,3.46,1.39,5.803450584
MDA-2018,Moldova,MDA,2018,3920,0.12,3.46,1.34,5.811628819
MDA-2019,Moldova,MDA,2019,4580,0.12,3.45,1.34,5.76639986
MCO-2015,Monaco,MCO,2015,,0.91,3.45,1.08,5.325530529
MCO-2016,Monaco,MCO,2016,,0.93,4.47,1.07,
MCO-2017,Monaco,MCO,2017,,0.94,4.46,1.06,
MCO-2018,Monaco,MCO,2018,,0.95,4.46,1.05,
MCO-2019,Monaco,MCO,2019,,0.96,4.47,1.04,
MNG-2015,Mongolia,MNG,2015,3800,0.13,4.47,2.78,
MNG-2016,Mongolia,MNG,2016,3490,0.14,4.25,2.68,5.464622974
MNG-2017,Mongolia,MNG,2017,3240,0.14,4.26,2.63,5.562905312
MNG-2018,Mongolia,MNG,2018,3690,0.14,4.24,2.53,6.011364937
MNG-2019,Mongolia,MNG,2019,3850,0.14,4.2,2.38,5.677199841
MNE-2015,Montenegro,MNE,2015,7260,0.16,4.24,1.7,5.333850384
MNE-2016,Montenegro,MNE,2016,7090,0.16,3.03,1.73,5.650189877
MNE-2017,Montenegro,MNE,2017,7410,0.16,3.04,1.72,5.386024952
MNE-2018,Montenegro,MNE,2018,8450,0.16,3.04,1.72,5.722162724
MNE-2019,Montenegro,MNE,2019,9140,0.17,3.03,1.71,5.580500126
MAR-2015,Morocco,MAR,2015,3020,0.19,3.02,1.15,5.614798546
MAR-2016,Morocco,MAR,2016,2880,0.19,5.32,1.14,4.896791935
MAR-2017,Morocco,MAR,2017,2880,0.19,5.32,1.13,5.056751728
MAR-2018,Morocco,MAR,2018,3090,0.19,5.32,1.12,4.80261755
MAR-2019,Morocco,MAR,2019,3200,0.2,5.32,1.12,4.918000221
MOZ-2015,Mozambique,MOZ,2015,640,0.08,5.33,0.83,5.312482834
MOZ-2016,Mozambique,MOZ,2016,530,0.08,5.04,0.86,4.653713703
MOZ-2017,Mozambique,MOZ,2017,470,0.08,5.04,0.88,4.932132721
MOZ-2018,Mozambique,MOZ,2018,460,0.08,5.06,0.9,
MOZ-2019,Mozambique,MOZ,2019,490,0.09,5.09,0.92,4.794499874
MMR-2015,Myanmar,MMR,2015,1170,0.09,5.04,0.5,4.279863358
MMR-2016,Myanmar,MMR,2016,1200,0.09,2.23,0.5,4.410633087
MMR-2017,Myanmar,MMR,2017,1180,0.09,2.22,0.47,4.43423748
MMR-2018,Myanmar,MMR,2018,1220,0.1,2.24,0.46,4.431364059
MMR-2019,Myanmar,MMR,2019,1270,0.1,2.26,0.46,4.425799847
NAM-2015,Namibia,NAM,2015,5310,0.16,2.23,1.28,4.154341698
NAM-2016,Namibia,NAM,2016,4740,0.16,3.71,1.3,4.834087849
NAM-2017,Namibia,NAM,2017,4620,0.16,3.71,1.32,4.435811043
NAM-2018,Namibia,NAM,2018,4920,0.17,3.72,1.37,4.451010227
NAM-2019,Namibia,NAM,2019,5170,0.17,3.74,1.37,4.574100018
NRU-2015,Nauru,NRU,2015,13690,0.11,3.71,3.26,4.441306114
NRU-2016,Nauru,NRU,2016,12720,0.11,3.28,3.27,
NRU-2017,Nauru,NRU,2017,12310,0.11,3.28,3.28,
NRU-2018,Nauru,NRU,2018,14500,0.12,3.28,3.27,
NRU-2019,Nauru,NRU,2019,16230,0.12,3.29,3.25,
NPL-2015,Nepal,NPL,2015,890,0.1,3.28,1.74,
NPL-2016,Nepal,NPL,2016,880,0.1,5,1.82,4.910086632
NPL-2017,Nepal,NPL,2017,990,0.11,5.01,1.81,5.448724747
NPL-2018,Nepal,NPL,2018,1120,0.11,5.03,1.81,
NPL-2019,Nepal,NPL,2019,1230,0.11,5.06,1.82,5.268899918
NLD-2015,Netherlands,NLD,2015,49850,0.41,5,1.41,4.736692429
NLD-2016,Netherlands,NLD,2016,46930,0.42,3.83,1.4,7.463097095
NLD-2017,Netherlands,NLD,2017,47160,0.42,3.88,1.36,7.42526865
NLD-2018,Netherlands,NLD,2018,51320,0.42,3.89,1.32,7.504447937
NLD-2019,Netherlands,NLD,2019,53230,0.42,3.9,1.28,7.464000225
NZL-2015,New Zealand,NZL,2015,40660,0.65,3.79,1.64,7.458965302
NZL-2016,New Zealand,NZL,2016,39440,0.66,4.13,1.63,7.370285988
NZL-2017,New Zealand,NZL,2017,38870,0.67,4.13,1.59,7.205174446
NZL-2018,New Zealand,NZL,2018,41650,0.67,4.13,1.52,7.257381916
NZL-2019,New Zealand,NZL,2019,43050,0.67,4.12,1.49,7.276599884
NIC-2015,Nicaragua,NIC,2015,1890,0.17,4.13,1.27,7.32718277
NIC-2016,Nicaragua,NIC,2016,1960,0.17,3.45,1.33,5.81895256
NIC-2017,Nicaragua,NIC,2017,2030,0.17,3.46,1.26,6.112545013
NIC-2018,Nicaragua,NIC,2018,1970,0.17,3.46,1.22,
NIC-2019,Nicaragua,NIC,2019,1890,0.18,3.45,1.21,5.972099781
NER-2015,Niger,NER,2015,560,0.08,3.45,0.42,6.476356506
NER-2016,Niger,NER,2016,530,0.08,4.26,0.43,5.164007187
NER-2017,Niger,NER,2017,520,0.08,4.27,0.45,5.003544331
NER-2018,Niger,NER,2018,570,0.08,4.28,0.47,
NER-2019,Niger,NER,2019,590,0.08,4.3,0.48,5.074100018
NGA-2015,Nigeria,NGA,2015,2820,0.13,4.25,0.45,4.615673542
NGA-2016,Nigeria,NGA,2016,2430,0.13,3.86,0.46,5.252288342
NGA-2017,Nigeria,NGA,2017,2090,0.13,3.87,0.47,4.356419086
NGA-2018,Nigeria,NGA,2018,1960,0.13,3.87,0.49,5.502948284
NGA-2019,Nigeria,NGA,2019,2030,0.13,3.87,0.5,4.759300232
NIU-2015,Niue,NIU,2015,,0.12,3.86,1.02,5.321928024
NIU-2016,Niue,NIU,2016,,0.12,3.3,1.02,
NIU-2017,Niue,NIU,2017,,0.12,3.3,1.03,
NIU-2018,Niue,NIU,2018,,0.12,3.3,1.03,
NIU-2019,Niue,NIU,2019,,0.12,3.3,1.03,
PRK-2015,North Korea,PRK,2015,,0.07,3.29,1.3,
PRK-2016,North Korea,PRK,2016,,0.07,2.82,1.28,
PRK-2017,North Korea,PRK,2017,,0.07,2.82,1.27,
PRK-2018,North Korea,PRK,2018,,0.07,2.82,1.26,
PRK-2019,North Korea,PRK,2019,,0.07,2.83,1.24,
MKD-2015,North Macedonia,MKD,2015,5130,0.15,2.83,0.9,
MKD-2016,North Macedonia,MKD,2016,5000,0.15,2.74,0.9,5.239834785
MKD-2017,North Macedonia,MKD,2017,4940,0.15,2.74,0.89,5.015485287
MKD-2018,North Macedonia,MKD,2018,5500,0.15,2.75,0.88,5.053664207
MKD-2019,North Macedonia,MKD,2019,5890,0.15,2.76,0.88,5.101200104
-2015,Northern Ireland,,2015,,0.44,4.8,1.42,
-2016,Northern Ireland,,2016,,0.45,4.7,1.34,
-2017,Northern Ireland,,2017,,0.45,4.61,1.27,
-2018,Northern Ireland,,2018,,0.45,4.6,1.23,
-2019,Northern Ireland,,2019,,0.45,4.61,1.19,
MNP-2015,Northern Mariana Islands,MNP,2015,,0.15,2.9,2.53,
MNP-2016,Northern Mariana Islands,MNP,2016,,0.15,2.9,2.5,
MNP-2017,Northern Mariana Islands,MNP,2017,,0.16,2.9,2.41,
MNP-2018,Northern Mariana Islands,MNP,2018,,0.16,2.91,2.32,
MNP-2019,Northern Mariana Islands,MNP,2019,,0.16,2.93,2.24,
NOR-2015,Norway,NOR,2015,92910,0.49,3.41,1.4,7.578744888
NOR-2016,Norway,NOR,2016,81370,0.5,3.49,1.41,7.444262028
NOR-2017,Norway,NOR,2017,75650,0.51,3.55,1.4,7.442139626
NOR-2018,Norway,NOR,2018,80320,0.51,3.55,1.37,7.290032387
NOR-2019,Norway,NOR,2019,81670,0.51,3.51,1.36,7.392499924
OMN-2015,Oman,OMN,2015,20160,0.28,4.07,0.88,
OMN-2016,Oman,OMN,2016,18190,0.28,4.05,0.87,
OMN-2017,Oman,OMN,2017,16130,0.28,4.05,0.88,
OMN-2018,Oman,OMN,2018,16370,0.28,4.08,0.92,
OMN-2019,Oman,OMN,2019,16430,0.28,4.13,0.95,
PAK-2015,Pakistan,PAK,2015,1260,0.12,3.98,1.08,5.830870628
PAK-2016,Pakistan,PAK,2016,1360,0.12,3.97,1.1,5.471553802
PAK-2017,Pakistan,PAK,2017,1490,0.12,3.97,1.12,4.442717552
PAK-2018,Pakistan,PAK,2018,1670,0.13,4.02,1.15,
PAK-2019,Pakistan,PAK,2019,1620,0.13,4.1,1.18,4.934000015
PLW-2015,Palau,PLW,2015,15860,0.12,3.26,1.33,
PLW-2016,Palau,PLW,2016,16720,0.12,3.25,1.31,
PLW-2017,Palau,PLW,2017,16540,0.13,3.25,1.29,
PLW-2018,Palau,PLW,2018,17380,0.13,3.25,1.26,
PLW-2019,Palau,PLW,2019,16710,0.13,3.25,1.23,
PSE-2015,Palestine,PSE,2015,,0.16,6.89,0.69,4.62813282
PSE-2016,Palestine,PSE,2016,,0.17,6.69,0.7,4.5539217
PSE-2017,Palestine,PSE,2017,,0.17,6.54,0.7,4.48253727
PSE-2018,Palestine,PSE,2018,,0.17,6.53,0.71,
PSE-2019,Palestine,PSE,2019,,0.17,6.54,0.75,4.516699791
PAN-2015,Panama,PAN,2015,12200,0.29,3.11,1,6.567658901
PAN-2016,Panama,PAN,2016,12780,0.29,3.12,0.99,6.281434059
PAN-2017,Panama,PAN,2017,13750,0.29,3.12,0.99,6.085955143
PAN-2018,Panama,PAN,2018,14490,0.3,3.12,1.01,
PAN-2019,Panama,PAN,2019,14920,0.3,3.12,1,6.179599762
PNG-2015,Papua New Guinea,PNG,2015,2860,0.08,3.14,0.41,
PNG-2016,Papua New Guinea,PNG,2016,2710,0.08,3.14,0.41,
PNG-2017,Papua New Guinea,PNG,2017,2590,0.08,3.14,0.41,
PNG-2018,Papua New Guinea,PNG,2018,2600,0.08,3.14,0.42,
PNG-2019,Papua New Guinea,PNG,2019,2720,0.08,3.14,0.41,
PRY-2015,Paraguay,PRY,2015,5640,0.22,3.91,1.26,5.71329546
PRY-2016,Paraguay,PRY,2016,5420,0.22,3.91,1.27,
PRY-2017,Paraguay,PRY,2017,5370,0.22,3.91,1.27,5.652625561
PRY-2018,Paraguay,PRY,2018,5600,0.23,3.91,1.26,
PRY-2019,Paraguay,PRY,2019,5510,0.23,3.9,1.25,5.652599812
PER-2015,Peru,PER,2015,6340,0.3,2.31,0.66,5.710936546
PER-2016,Peru,PER,2016,6110,0.3,2.31,0.66,5.679661274
PER-2017,Peru,PER,2017,6060,0.31,2.32,0.66,5.999381542
PER-2018,Peru,PER,2018,6480,0.31,2.32,0.66,
PER-2019,Peru,PER,2019,6840,0.31,2.33,0.67,5.839600086
PHL-2015,Philippines,PHL,2015,3380,0.1,2.85,0.68,5.594270229
PHL-2016,Philippines,PHL,2016,3450,0.1,2.86,0.69,5.869172573
PHL-2017,Philippines,PHL,2017,3530,0.11,2.86,0.7,6.267745018
PHL-2018,Philippines,PHL,2018,3710,0.11,2.87,0.71,5.079585075
PHL-2019,Philippines,PHL,2019,3850,0.11,2.89,0.71,5.880199909
POL-2015,Poland,POL,2015,13310,0.19,2.29,1.78,6.201268196
POL-2016,Poland,POL,2016,12720,0.2,2.29,1.73,6.111485004
POL-2017,Poland,POL,2017,12730,0.2,2.3,1.7,6.24209404
POL-2018,Poland,POL,2018,14150,0.2,2.36,1.66,6.139455318
POL-2019,Poland,POL,2019,15360,0.2,2.48,1.62,6.166100025
PRT-2015,Portugal,PRT,2015,20460,0.45,4.71,1.33,5.711499214
PRT-2016,Portugal,PRT,2016,19940,0.46,4.76,1.25,5.919822693
PRT-2017,Portugal,PRT,2017,20060,0.46,4.81,1.19,6.095473289
PRT-2018,Portugal,PRT,2018,22060,0.46,4.81,1.18,5.767792225
PRT-2019,Portugal,PRT,2019,23200,0.46,4.81,1.17,5.928999901
PRI-2015,Puerto Rico,PRI,2015,19420,0.33,2.98,0.85,
PRI-2016,Puerto Rico,PRI,2016,19710,0.33,2.98,0.8,
PRI-2017,Puerto Rico,PRI,2017,20000,0.33,2.99,0.75,
PRI-2018,Puerto Rico,PRI,2018,21080,0.33,3.01,0.77,
PRI-2019,Puerto Rico,PRI,2019,22060,0.33,3.04,0.76,
QAT-2015,Qatar,QAT,2015,73440,0.36,4.15,3.39,
QAT-2016,Qatar,QAT,2016,64550,0.37,4.15,3.31,
QAT-2017,Qatar,QAT,2017,56920,0.37,4.15,3.16,
QAT-2018,Qatar,QAT,2018,58830,0.37,4.17,3.06,
QAT-2019,Qatar,QAT,2019,61180,0.37,4.21,2.97,
ROU-2015,Romania,ROU,2015,9600,0.16,2.83,0.93,6.089904785
ROU-2016,Romania,ROU,2016,9620,0.17,2.83,0.89,6.150878906
ROU-2017,Romania,ROU,2017,10110,0.17,2.83,0.87,6.129942417
ROU-2018,Romania,ROU,2018,11430,0.17,2.83,0.85,
ROU-2019,Romania,ROU,2019,12620,0.17,2.83,0.83,6.139999866
RUS-2015,Russia,RUS,2015,11780,0.17,3.36,2.42,5.578742981
RUS-2016,Russia,RUS,2016,9730,0.17,3.36,2.33,5.513500214
RUS-2017,Russia,RUS,2017,9210,0.17,3.36,2.27,5.440523624
RUS-2018,Russia,RUS,2018,10250,0.17,3.35,2.26,5.495288849
RUS-2019,Russia,RUS,2019,11280,0.17,3.32,2.18,5.477200031
RWA-2015,Rwanda,RWA,2015,750,0.09,5.19,0.99,3.10837388
RWA-2016,Rwanda,RWA,2016,740,0.09,5.2,1.01,3.5610466
RWA-2017,Rwanda,RWA,2017,730,0.09,5.22,1.04,3.268152237
RWA-2018,Rwanda,RWA,2018,780,0.1,5.23,1.08,
RWA-2019,Rwanda,RWA,2019,830,0.1,5.25,1.1,3.414700031
KNA-2015,Saint Kitts and Nevis,KNA,2015,,0.3,4.13,0.5,
KNA-2016,Saint Kitts and Nevis,KNA,2016,,0.3,4.13,0.49,
KNA-2017,Saint Kitts and Nevis,KNA,2017,,0.3,4.13,0.5,
KNA-2018,Saint Kitts and Nevis,KNA,2018,,0.3,4.14,0.49,
KNA-2019,Saint Kitts and Nevis,KNA,2019,,0.3,4.15,0.45,
LCA-2015,Saint Lucia,LCA,2015,,0.22,3.4,1.06,
LCA-2016,Saint Lucia,LCA,2016,,0.23,3.4,0.99,
LCA-2017,Saint Lucia,LCA,2017,,0.23,3.4,0.98,
LCA-2018,Saint Lucia,LCA,2018,,0.23,3.43,0.97,
LCA-2019,Saint Lucia,LCA,2019,,0.23,3.47,0.96,
VCT-2015,Saint Vincent and the Grenadines,VCT,2015,,0.22,3.45,0.78,
VCT-2016,Saint Vincent and the Grenadines,VCT,2016,,0.22,3.44,0.79,
VCT-2017,Saint Vincent and the Grenadines,VCT,2017,,0.22,3.44,0.81,
VCT-2018,Saint Vincent and the Grenadines,VCT,2018,,0.22,3.46,0.8,
VCT-2019,Saint Vincent and the Grenadines,VCT,2019,,0.22,3.51,0.8,
WSM-2015,Samoa,WSM,2015,3960,0.1,2.91,1.84,
WSM-2016,Samoa,WSM,2016,4110,0.1,2.9,1.85,
WSM-2017,Samoa,WSM,2017,4070,0.1,2.9,1.86,
WSM-2018,Samoa,WSM,2018,4050,0.1,2.91,1.86,
WSM-2019,Samoa,WSM,2019,4230,0.1,2.92,1.85,
SMR-2015,San Marino,SMR,2015,,0.57,4.49,1.42,
SMR-2016,San Marino,SMR,2016,,0.57,4.49,1.42,
SMR-2017,San Marino,SMR,2017,,0.56,4.5,1.42,
SMR-2018,San Marino,SMR,2018,,0.56,4.5,1.41,
SMR-2019,San Marino,SMR,2019,,0.56,4.5,1.4,
STP-2015,Sao Tome and Principe,STP,2015,1650,0.11,3.76,0.37,
STP-2016,Sao Tome and Principe,STP,2016,1690,0.11,3.76,0.38,
STP-2017,Sao Tome and Principe,STP,2017,1700,0.11,3.77,0.39,
STP-2018,Sao Tome and Principe,STP,2018,1870,0.11,3.79,0.4,
STP-2019,Sao Tome and Principe,STP,2019,1950,0.11,3.83,0.41,
SAU-2015,Saudi Arabia,SAU,2015,23710,0.29,4.4,1.32,6.294282436
SAU-2016,Saudi Arabia,SAU,2016,21610,0.29,4.38,1.36,6.356393337
SAU-2017,Saudi Arabia,SAU,2017,19990,0.29,4.37,1.37,6.561247349
SAU-2018,Saudi Arabia,SAU,2018,21860,0.29,4.38,1.38,6.559588432
SAU-2019,Saudi Arabia,SAU,2019,23220,0.29,4.42,1.39,6.493999958
-2015,Scotland,,2015,,0.43,4.29,1.16,
-2016,Scotland,,2016,,0.43,4.28,1.2,
-2017,Scotland,,2017,,0.43,4.28,1.19,
-2018,Scotland,,2018,,0.44,4.27,1.12,
-2019,Scotland,,2019,,0.44,4.27,1.09,
SEN-2015,Senegal,SEN,2015,1310,0.1,4.05,1.15,4.683024883
SEN-2016,Senegal,SEN,2016,1270,0.1,4.05,1.19,4.769377232
SEN-2017,Senegal,SEN,2017,1280,0.1,4.05,1.2,5.488736629
SEN-2018,Senegal,SEN,2018,1390,0.1,4.07,1.22,
SEN-2019,Senegal,SEN,2019,1440,0.11,4.1,1.25,5.131800175
SRB-2015,Serbia,SRB,2015,5960,0.15,2.99,1.39,5.122031212
SRB-2016,Serbia,SRB,2016,5700,0.15,3.01,1.36,5.936493397
SRB-2017,Serbia,SRB,2017,5570,0.15,3.02,1.34,6.241407394
SRB-2018,Serbia,SRB,2018,6410,0.15,3.02,1.32,6.041546345
SRB-2019,Serbia,SRB,2019,7040,0.15,3.02,1.3,6.077899933
SYC-2015,Seychelles,SYC,2015,14160,0.15,2.77,1.13,
SYC-2016,Seychelles,SYC,2016,14240,0.15,2.76,1.13,
SYC-2017,Seychelles,SYC,2017,14660,0.16,2.76,1.13,
SYC-2018,Seychelles,SYC,2018,15960,0.16,2.77,1.12,
SYC-2019,Seychelles,SYC,2019,16680,0.16,2.79,1.1,
SLE-2015,Sierra Leone,SLE,2015,550,0.09,4.46,0.57,4.089562416
SLE-2016,Sierra Leone,SLE,2016,490,0.09,4.46,0.61,4.305683136
SLE-2017,Sierra Leone,SLE,2017,520,0.09,4.46,0.63,3.447381496
SLE-2018,Sierra Leone,SLE,2018,490,0.09,4.46,0.68,
SLE-2019,Sierra Leone,SLE,2019,530,0.09,4.46,0.7,3.849400043
SGP-2015,Singapore,SGP,2015,53160,0.48,2.15,2.29,6.378437996
SGP-2016,Singapore,SGP,2016,53250,0.48,2.16,2.22,6.374564171
SGP-2017,Singapore,SGP,2017,54590,0.49,2.17,2.1,6.378359795
SGP-2018,Singapore,SGP,2018,56670,0.5,2.18,2.03,
SGP-2019,Singapore,SGP,2019,58060,0.5,2.2,2,6.37650013
SVK-2015,Slovakia,SVK,2015,17700,0.19,2.9,1.43,6.365509033
SVK-2016,Slovakia,SVK,2016,16790,0.19,2.9,1.36,6.23511076
SVK-2017,Slovakia,SVK,2017,16620,0.19,2.9,1.33,6.243428707
SVK-2018,Slovakia,SVK,2018,18340,0.19,2.9,1.31,6.519098282
SVK-2019,Slovakia,SVK,2019,19250,0.2,2.9,1.27,6.330900192
SVN-2015,Slovenia,SVN,2015,22270,0.19,3.38,2.25,6.166837692
SVN-2016,Slovenia,SVN,2016,21790,0.2,3.38,2.18,6.249419212
SVN-2017,Slovenia,SVN,2017,22140,0.2,3.39,2.11,6.665273666
SVN-2018,Slovenia,SVN,2018,24640,0.2,3.38,2.04,6.462076187
SVN-2019,Slovenia,SVN,2019,25980,0.2,3.37,1.97,6.460700035
SLB-2015,Solomon Islands,SLB,2015,2130,0.07,3.08,2.31,
SLB-2016,Solomon Islands,SLB,2016,2140,0.07,3.08,2.32,
SLB-2017,Solomon Islands,SLB,2017,2220,0.07,3.08,2.34,
SLB-2018,Solomon Islands,SLB,2018,2360,0.07,3.08,2.34,
SLB-2019,Solomon Islands,SLB,2019,2370,0.07,3.09,2.31,
SOM-2015,Somalia,SOM,2015,400,0.05,4.93,0.66,
SOM-2016,Somalia,SOM,2016,400,0.05,4.93,0.67,
SOM-2017,Somalia,SOM,2017,380,0.05,4.94,0.67,
SOM-2018,Somalia,SOM,2018,400,0.05,4.94,0.7,
SOM-2019,Somalia,SOM,2019,420,0.05,4.94,0.72,
ZAF-2015,South Africa,ZAF,2015,6610,0.17,4.38,1.33,4.513655186
ZAF-2016,South Africa,ZAF,2016,5990,0.17,4.45,1.29,4.8839221
ZAF-2017,South Africa,ZAF,2017,5910,0.17,4.5,1.31,5.034863472
ZAF-2018,South Africa,ZAF,2018,6340,0.17,4.49,1.44,4.946800709
ZAF-2019,South Africa,ZAF,2019,6670,0.17,4.45,1.51,4.956399918
KOR-2015,South Korea,KOR,2015,28720,0.37,2.32,5.33,5.873887062
KOR-2016,South Korea,KOR,2016,29330,0.37,2.29,5.09,5.840231419
KOR-2017,South Korea,KOR,2017,30300,0.37,2.26,4.9,5.902816772
KOR-2018,South Korea,KOR,2018,32750,0.38,2.26,4.75,5.792695522
KOR-2019,South Korea,KOR,2019,33830,0.38,2.27,4.57,5.845499992
SSD-2015,South Sudan,SSD,2015,1090,0.15,4.78,0.48,2.816622496
SSD-2016,South Sudan,SSD,2016,,0.15,4.8,0.5,
SSD-2017,South Sudan,SSD,2017,,0.16,4.82,0.51,
SSD-2018,South Sudan,SSD,2018,,0.16,4.83,0.54,
SSD-2019,South Sudan,SSD,2019,,0.16,4.85,0.57,
ESP-2015,Spain,ESP,2015,28450,0.64,5.02,0.95,6.230173111
ESP-2016,Spain,ESP,2016,27550,0.64,5.06,0.93,6.513370991
ESP-2017,Spain,ESP,2017,27100,0.65,5.11,0.9,6.457449436
ESP-2018,Spain,ESP,2018,29310,0.65,5.15,0.89,6.502175331
ESP-2019,Spain,ESP,2019,30380,0.65,5.19,0.88,6.490699768
LKA-2015,Sri Lanka,LKA,2015,3760,0.12,3,3.25,4.330945492
LKA-2016,Sri Lanka,LKA,2016,3810,0.12,3,3.27,4.435023785
LKA-2017,Sri Lanka,LKA,2017,3870,0.12,3.01,3.26,4.213299274
LKA-2018,Sri Lanka,LKA,2018,4040,0.12,3.01,3.35,
LKA-2019,Sri Lanka,LKA,2019,4010,0.13,3.02,3.26,4.324999809
SDN-2015,Sudan,SDN,2015,1920,0.15,4.57,0.91,
SDN-2016,Sudan,SDN,2016,2160,0.15,4.57,0.93,
SDN-2017,Sudan,SDN,2017,2420,0.15,4.58,0.95,
SDN-2018,Sudan,SDN,2018,1390,0.15,4.59,0.98,
SDN-2019,Sudan,SDN,2019,940,0.15,4.61,1,
SUR-2015,Suriname,SUR,2015,8890,0.23,4.92,3.54,
SUR-2016,Suriname,SUR,2016,6940,0.24,4.92,3.54,
SUR-2017,Suriname,SUR,2017,5940,0.24,4.93,3.48,
SUR-2018,Suriname,SUR,2018,5970,0.24,4.92,3.4,
SUR-2019,Suriname,SUR,2019,6190,0.24,4.89,3.31,
SWE-2015,Sweden,SWE,2015,58420,0.54,4.49,1.56,7.286804676
SWE-2016,Sweden,SWE,2016,54360,0.55,4.49,1.52,7.374792099
SWE-2017,Sweden,SWE,2017,53030,0.55,4.49,1.5,7.398092747
SWE-2018,Sweden,SWE,2018,55690,0.56,4.49,1.47,7.314341068
SWE-2019,Sweden,SWE,2019,56420,0.56,4.47,1.46,7.362699986
CHE-2015,Switzerland,CHE,2015,87960,0.54,4.09,1.76,7.473593235
CHE-2016,Switzerland,CHE,2016,84420,0.54,4.1,1.74,7.508586884
CHE-2017,Switzerland,CHE,2017,81880,0.54,4.11,1.74,7.69422102
CHE-2018,Switzerland,CHE,2018,83280,0.54,4.11,1.72,7.508435249
CHE-2019,Switzerland,CHE,2019,84260,0.54,4.08,1.68,7.571499825
SYR-2015,Syria,SYR,2015,1020,0.17,4.23,0.23,
SYR-2016,Syria,SYR,2016,860,0.17,4.24,0.24,
SYR-2017,Syria,SYR,2017,820,0.17,4.24,0.29,
SYR-2018,Syria,SYR,2018,930,0.17,4.28,0.35,
SYR-2019,Syria,SYR,2019,,0.17,4.35,0.38,
TWN-2015,Taiwan,TWN,2015,,0.18,2.77,2.48,6.359450817
TWN-2016,Taiwan,TWN,2016,,0.18,2.76,2.43,6.467004776
TWN-2017,Taiwan,TWN,2017,,0.18,2.76,2.39,6.537089825
TWN-2018,Taiwan,TWN,2018,,0.19,2.76,2.37,6.751067638
TWN-2019,Taiwan,TWN,2019,,0.19,2.77,2.32,6.584400177
TJK-2015,Tajikistan,TJK,2015,1260,0.09,2.94,0.86,5.829234123
TJK-2016,Tajikistan,TJK,2016,1110,0.09,2.94,0.89,5.497468948
TJK-2017,Tajikistan,TJK,2017,1030,0.09,2.95,0.9,5.464015484
TJK-2018,Tajikistan,TJK,2018,1030,0.09,2.96,0.93,5.373398781
TJK-2019,Tajikistan,TJK,2019,1070,0.09,2.97,0.95,5.466199875
TZA-2015,Tanzania,TZA,2015,980,0.1,4.7,0.78,3.347121239
TZA-2016,Tanzania,TZA,2016,970,0.1,4.71,0.8,3.445023298
TZA-2017,Tanzania,TZA,2017,970,0.11,4.73,0.83,3.640154839
TZA-2018,Tanzania,TZA,2018,1030,0.11,4.74,0.88,3.785684109
TZA-2019,Tanzania,TZA,2019,1100,0.11,4.77,0.91,3.62319994
THA-2015,Thailand,THA,2015,5710,0.13,3.01,1.55,5.938895226
THA-2016,Thailand,THA,2016,5700,0.13,3.01,1.53,6.011561871
THA-2017,Thailand,THA,2017,5970,0.14,3,1.51,6.02215147
THA-2018,Thailand,THA,2018,6610,0.14,3,1.47,5.884544373
THA-2019,Thailand,THA,2019,7250,0.14,2.99,1.43,5.984700203
TLS-2015,Timor,TLS,2015,2200,0.1,2.88,0.78,
TLS-2016,Timor,TLS,2016,1750,0.1,2.88,0.79,
TLS-2017,Timor,TLS,2017,1800,0.1,2.88,0.79,
TLS-2018,Timor,TLS,2018,1820,0.1,2.88,0.8,
TLS-2019,Timor,TLS,2019,2050,0.1,2.89,0.81,
TGO-2015,Togo,TGO,2015,640,0.09,4.55,0.95,4.360805035
TGO-2016,Togo,TGO,2016,670,0.09,4.56,1,4.022894859
TGO-2017,Togo,TGO,2017,720,0.09,4.57,1.05,4.179493904
TGO-2018,Togo,TGO,2018,880,0.09,4.57,1.08,
TGO-2019,Togo,TGO,2019,920,0.09,4.58,1.1,4.106800079
TKL-2015,Tokelau,TKL,2015,,0.1,3.27,1.18,
TKL-2016,Tokelau,TKL,2016,,0.1,3.26,1.18,
TKL-2017,Tokelau,TKL,2017,,0.11,3.26,1.18,
TKL-2018,Tokelau,TKL,2018,,0.11,3.26,1.18,
TKL-2019,Tokelau,TKL,2019,,0.11,3.26,1.18,
TON-2015,Tonga,TON,2015,4440,0.09,2.79,0.73,
TON-2016,Tonga,TON,2016,4410,0.1,2.79,0.73,
TON-2017,Tonga,TON,2017,4590,0.1,2.79,0.73,
TON-2018,Tonga,TON,2018,4800,0.1,2.8,0.73,
TON-2019,Tonga,TON,2019,5150,0.1,2.82,0.73,
TTO-2015,Trinidad and Tobago,TTO,2015,19030,0.3,4,1.46,6.191859722
TTO-2016,Trinidad and Tobago,TTO,2016,16870,0.3,3.99,1.41,
TTO-2017,Trinidad and Tobago,TTO,2017,16120,0.3,3.99,1.38,
TTO-2018,Trinidad and Tobago,TTO,2018,16120,0.3,4,1.35,
TTO-2019,Trinidad and Tobago,TTO,2019,16740,0.3,4.03,1.31,
TUN-2015,Tunisia,TUN,2015,4190,0.21,5.28,0.64,4.124342918
TUN-2016,Tunisia,TUN,2016,3980,0.21,5.27,0.63,4.741132259
TUN-2017,Tunisia,TUN,2017,3750,0.22,5.27,0.62,4.315479755
TUN-2018,Tunisia,TUN,2018,3760,0.22,5.29,0.61,4.730811119
TUN-2019,Tunisia,TUN,2019,3620,0.22,5.34,0.61,4.59649992
TUR-2015,Turkey,TUR,2015,12030,0.29,4.27,0.56,5.607262135
TUR-2016,Turkey,TUR,2016,11260,0.3,4.21,0.56,5.185689449
TUR-2017,Turkey,TUR,2017,10970,0.3,4.16,0.56,4.87207365
TUR-2018,Turkey,TUR,2018,10510,0.31,4.15,0.56,4.861554146
TUR-2019,Turkey,TUR,2019,9690,0.31,4.16,0.57,4.947599888
TKM-2015,Turkmenistan,TKM,2015,7030,0.15,3.26,1.39,5.229148865
TKM-2016,Turkmenistan,TKM,2016,6830,0.15,3.25,1.38,4.620601654
TKM-2017,Turkmenistan,TKM,2017,6380,0.16,3.25,1.36,5.474299908
TKM-2018,Turkmenistan,TKM,2018,6740,0.16,3.25,1.33,
TKM-2019,Turkmenistan,TKM,2019,7220,0.16,3.25,1.31,5.066400051
TUV-2015,Tuvalu,TUV,2015,5580,0.08,3.26,1.74,
TUV-2016,Tuvalu,TUV,2016,5300,0.08,3.25,1.75,
TUV-2017,Tuvalu,TUV,2017,5070,0.08,3.25,1.76,
TUV-2018,Tuvalu,TUV,2018,5820,0.08,3.25,1.76,
TUV-2019,Tuvalu,TUV,2019,6240,0.09,3.25,1.76,
UGA-2015,Uganda,UGA,2015,830,0.09,6.69,0.76,4.000516891
UGA-2016,Uganda,UGA,2016,800,0.1,6.7,0.77,4.321714878
UGA-2017,Uganda,UGA,2017,740,0.1,6.7,0.81,4.948051453
UGA-2018,Uganda,UGA,2018,750,0.1,6.7,0.86,4.640909672
UGA-2019,Uganda,UGA,2019,780,0.1,6.69,0.89,4.636499882
UKR-2015,Ukraine,UKR,2015,2800,0.13,4.18,2.14,4.311067104
UKR-2016,Ukraine,UKR,2016,2360,0.13,4.19,2.15,4.661909103
UKR-2017,Ukraine,UKR,2017,2360,0.13,4.2,2.09,4.701762199
UKR-2018,Ukraine,UKR,2018,2750,0.13,4.2,1.99,5.269675732
UKR-2019,Ukraine,UKR,2019,3310,0.13,4.2,1.96,4.874800205
ARE-2015,United Arab Emirates,ARE,2015,42870,0.3,3.72,2.81,7.039419651
ARE-2016,United Arab Emirates,ARE,2016,40550,0.31,3.72,2.66,6.603743553
ARE-2017,United Arab Emirates,ARE,2017,39280,0.31,3.72,2.51,6.710782528
ARE-2018,United Arab Emirates,ARE,2018,41470,0.31,3.73,2.39,6.458392143
ARE-2019,United Arab Emirates,ARE,2019,43830,0.32,3.76,2.28,6.560500145
GBR-2015,United Kingdom,GBR,2015,44730,0.46,4.57,0.94,7.103273392
GBR-2016,United Kingdom,GBR,2016,43460,0.46,4.53,0.95,7.233445168
GBR-2017,United Kingdom,GBR,2017,41880,0.46,4.5,0.95,7.157151222
GBR-2018,United Kingdom,GBR,2018,42410,0.47,4.5,0.92,6.798177242
GBR-2019,United Kingdom,GBR,2019,43460,0.47,4.5,0.9,7.063600063
USA-2015,United States,USA,2015,56620,0.45,4.75,1.71,6.9917593
USA-2016,United States,USA,2016,57140,0.46,4.74,1.72,6.882684708
USA-2017,United States,USA,2017,59250,0.46,4.74,1.68,6.943701267
USA-2018,United States,USA,2018,63490,0.46,4.73,1.6,7.028088093
USA-2019,United States,USA,2019,65970,0.46,4.73,1.54,6.951499939
VIR-2015,United States Virgin Islands,VIR,2015,,0.38,3.49,0.73,
VIR-2016,United States Virgin Islands,VIR,2016,,0.37,3.49,0.72,
VIR-2017,United States Virgin Islands,VIR,2017,,0.37,3.49,0.7,
VIR-2018,United States Virgin Islands,VIR,2018,,0.37,3.51,0.7,
VIR-2019,United States Virgin Islands,VIR,2019,,0.37,3.55,0.69,
URY-2015,Uruguay,URY,2015,15620,0.37,3.11,2.1,6.336009979
URY-2016,Uruguay,URY,2016,15440,0.37,3.1,2.11,6.371714592
URY-2017,Uruguay,URY,2017,15920,0.38,3.09,2.07,6.600337029
URY-2018,Uruguay,URY,2018,17280,0.38,3.09,2.03,6.309681416
URY-2019,Uruguay,URY,2019,17770,0.38,3.07,1.97,6.431399822
UZB-2015,Uzbekistan,UZB,2015,2740,0.12,3.35,1.87,6.421447754
UZB-2016,Uzbekistan,UZB,2016,2790,0.12,3.35,1.92,6.205460072
UZB-2017,Uzbekistan,UZB,2017,2470,0.12,3.35,1.89,6.154049397
UZB-2018,Uzbekistan,UZB,2018,2110,0.12,3.34,1.87,
UZB-2019,Uzbekistan,UZB,2019,1870,0.12,3.34,1.86,6.178800106
VUT-2015,Vanuatu,VUT,2015,2820,0.08,3.05,2.36,
VUT-2016,Vanuatu,VUT,2016,2830,0.08,3.05,2.37,
VUT-2017,Vanuatu,VUT,2017,2900,0.08,3.05,2.36,
VUT-2018,Vanuatu,VUT,2018,3170,0.08,3.05,2.33,
VUT-2019,Vanuatu,VUT,2019,3440,0.08,3.06,2.28,
VEN-2015,Venezuela,VEN,2015,,0.24,3.34,1.5,5.070750713
VEN-2016,Venezuela,VEN,2016,,0.24,3.35,1.41,5.005663395
VEN-2017,Venezuela,VEN,2017,,0.23,3.36,1.34,5.080803394
VEN-2018,Venezuela,VEN,2018,,0.23,3.36,1.31,4.573829651
VEN-2019,Venezuela,VEN,2019,,0.22,3.36,1.23,4.892199993
VNM-2015,Vietnam,VNM,2015,2460,0.09,2.58,1.3,5.175278664
VNM-2016,Vietnam,VNM,2016,2570,0.09,2.58,1.3,5.295547009
VNM-2017,Vietnam,VNM,2017,2700,0.1,2.58,1.3,5.467451096
VNM-2018,Vietnam,VNM,2018,3030,0.1,2.58,1.29,
VNM-2019,Vietnam,VNM,2019,3280,0.1,2.58,1.28,5.41079998
-2015,Wales,,2015,,0.44,4.52,0.94,
-2016,Wales,,2016,,0.44,4.53,0.95,
-2017,Wales,,2017,,0.44,4.54,0.96,
-2018,Wales,,2018,,0.45,4.54,0.93,
-2019,Wales,,2019,,0.45,4.55,0.91,
YEM-2015,Yemen,YEM,2015,1200,0.14,5.04,0.82,3.253560066
YEM-2016,Yemen,YEM,2016,1160,0.14,5.03,0.81,3.057513952
YEM-2017,Yemen,YEM,2017,1080,0.14,5.02,0.82,4.196912766
YEM-2018,Yemen,YEM,2018,910,0.13,5.03,0.8,
YEM-2019,Yemen,YEM,2019,820,0.13,5.04,0.89,3.657900095
ZMB-2015,Zambia,ZMB,2015,1580,0.11,4.27,1,3.932777405
ZMB-2016,Zambia,ZMB,2016,1370,0.11,4.28,1.04,4.041488171
ZMB-2017,Zambia,ZMB,2017,1300,0.12,4.29,1.07,3.306796551
ZMB-2018,Zambia,ZMB,2018,1440,0.12,4.3,1.11,4.837992191
ZMB-2019,Zambia,ZMB,2019,1430,0.12,4.3,1.13,4.073400021
ZWE-2015,Zimbabwe,ZWE,2015,1390,0.1,3.55,1.68,3.63830018
ZWE-2016,Zimbabwe,ZWE,2016,1390,0.1,3.56,1.75,3.616479874
ZWE-2017,Zimbabwe,ZWE,2017,1350,0.1,3.56,1.8,2.693523169
ZWE-2018,Zimbabwe,ZWE,2018,1350,0.1,3.56,1.87,3.159802198
ZWE-2019,Zimbabwe,ZWE,2019,1210,0.1,3.55,1.89,3.144799948